"AnonID","X","Q1","Q2","Q3","Q4","Q5","Q6","Q7","Q8","Q9","Q10","Q11","Q12","Q13","Q14","Q15","Q16","Q17","Q18","Q19","Q20","Total"
"Sb428c55c","Total points",5,5,5,5,5,5,5,5,5,5,5,5,5,5,5,5,5,5,5,5,100
"S49a35a2b","",5,5,5,2,5,0,5,5,5,5,5,5,5,4,5,5,5,5,5,5,91
"Sa4bdb821","",5,5,5,2,5,5,5,5,5,5,5,0,5,2,5,5,5,5,5,5,89
"S6c43aefb","",5,5,0,5,0,5,0,5,0,5,5,5,2,1,5,5,5,0,0,5,63
"S569ff07e","",2.5,5,0,5,5,2,2.5,5,5,0,2.5,5,5,2,3.75,5,5,5,0,5,70.25
"S2cd5cd0b","",0,0,0,0,0,0,0,0,0,0,0,0,0,0,0,0,0,0,0,0,0
"Sb205a4ee","",5,5,0,2.5,5,0,0,5,5,2.5,5,5,5,0,5,5,5,0,0,0,60
"S00f518c3","",,,,,,,,,,,,,,,,,,,,,
"Sbb2bad1f","",5,0,5,2,5,2,5,0,5,5,0,5,5,2,5,5,5,5,5,0,71
"S90fff39c","",5,5,0,1,5,0,0,5,5,0,5,5,5,2,0,5,5,0,0,0,53
"S24076035","",5,5,5,3.5,0,2,5,5,5,5,5,5,5,5,5,5,5,5,5,0,85.5
"Sec86fd91","",5,0,0,2,5,2,0,5,0,0,5,5,0,0,5,0,0,5,0,0,39
"S93429794","",0,5,0,2,5,2,0,0,5,0,1.25,0,2,0,0,5,5,5,0,0,37.25
"S3cd32c93","",5,5,5,5,5,0,5,5,5,2.5,5,5,5,5,5,5,5,5,0,5,87.5
"S6acb1eb7","",,,,,,,,,,,,,,,,,,,,,
"S45540b16","",5,5,5,4,5,2,5,5,5,5,5,5,5,2,5,5,5,5,5,5,93
"S5c2e31b4","",5,5,0,4.5,5,0,5,5,5,2.5,2.5,5,5,2,2.5,5,5,5,5,5,79
"S054a6b09","",5,5,5,4.5,5,2,5,0,5,5,3.75,5,2,2,0,5,5,5,5,5,79.25
"S7c0de27f","",5,5,5,4,5,0,5,0,5,2.5,5,5,5,2,5,0,0,5,0,0,63.5
"S69880570","",5,5,5,5,5,0,2.5,0,5,2.5,5,0,2,5,5,5,5,5,5,0,72
"Scf14bf0e","",5,5,0,2,5,2,0,0,5,2.5,5,5,2,2,5,5,5,0,0,0,55.5
"S6b25ef19","",5,5,5,4,5,0,2.5,5,5,2.5,1.25,5,5,0,5,5,5,5,0,0,70.25
"Sdc78aaea","",5,5,0,5,0,0,0,0,5,5,2.5,5,5,5,5,5,5,5,0,0,62.5
"Sf7938ece","",0,5,0,0,5,0,0,5,5,2.5,2.5,0,0,0,0,0,0,0,0,0,25
"S34ef10f5","",5,2.5,5,2,5,0,5,0,5,2.5,5,4,5,5,0,5,5,5,5,0,71
"Sf808e9b5","",0,0,0,0,0,0,0,0,0,0,0,0,0,0,0,0,0,0,0,0,0
"Sea87010a","",2.5,5,5,3,0,2,0,0,0,0,0,0,2,0,0,0,0,0,0,0,19.5
"S9c97f90d","",2.5,0,5,2,0,0,0,0,0,0,5,0,5,0,3.75,5,0,5,0,0,33.25
"S14d0a1a6","",5,5,5,4.5,5,0,5,5,0,5,2.5,5,5,5,3.75,5,5,5,5,5,85.75
"S840596ff","",2.5,5,5,5,5,0,2.5,0,5,0,5,1,0,0,5,0,5,0,0,0,46
"S7e5e684e","",2.5,5,0,4,5,0,2.5,5,0,5,1.25,0,0,2,5,0,5,0,0,0,42.25
"S1a873246","",5,5,5,5,5,0,2.5,5,5,5,5,0,0,0,0,0,0,0,0,0,47.5
"Sa7843a2d","",2.5,5,0,3,0,5,0,0,5,0,5,5,5,5,0,5,5,0,0,0,50.5
"S7e27880c","",5,5,5,5,5,5,5,5,5,5,5,5,5,4,5,5,5,5,5,5,99
"S52ec780f","",5,5,5,5,5,0,5,0,5,2.5,2.5,4,5,5,5,0,5,0,0,5,69
"Sf684662e","",5,5,0,2.5,5,0,0,0,5,2.5,2.5,5,5,2,1.25,5,5,5,5,0,60.75
"S735cb597","",,,,,,,,,,,,,,,,,,,,,
"S4849dd69","",5,5,5,5,5,5,5,5,5,5,5,5,5,5,5,5,5,5,5,0,95
"S28e1b4e6","",2.5,5,5,5,5,2,5,0,5,0,5,5,2,2,5,5,5,5,5,5,78.5
"S251e190a","",5,5,5,3,5,0,5,0,5,5,2.5,5,5,5,2.5,5,5,0,5,5,78
"Sda229867","",5,5,5,5,5,0,5,0,5,2.5,5,5,0,5,0,5,0,5,5,0,67.5
"S3e1707ed","",,,,,,,,,,,,,,,,,,,,,
"Sa82081d7","",5,5,5,0,5,0,0,0,5,5,5,5,5,5,0,5,5,5,0,0,65
"S7c7f2851","",2.5,5,5,2.5,5,0,0,5,5,0,2.5,1,2,2,5,5,5,0,5,0,57.5
"S5fe43bb6","",0,0,0,0,0,0,0,0,0,0,0,0,0,0,0,0,0,0,0,0,0
"Sd9368c1c","",5,0,0,0,0,0,0,0,0,0,5,0,0,0,0,0,0,0,0,0,10
"S900b74f7","",0,0,0,0,0,0,0,0,0,0,0,0,0,0,0,0,0,0,0,0,0
"S14b7e1d9","",5,5,5,5,0,5,0,5,5,0,5,1,5,5,5,5,5,5,0,0,71
"Sc4242541","",5,5,5,5,5,5,5,5,5,5,5,5,2,5,5,5,5,5,0,0,87
"S06f94e8b","",5,5,5,2,5,5,5,5,5,0,5,5,5,2,5,5,5,5,5,0,84
"S4d4261a0","",5,5,5,5,5,0,0,0,5,5,5,0,2,0,5,0,5,0,0,0,52
"Sdf63fd86","",5,0,0,0,0,0,0,0,0,0,0,0,0,0,0,0,0,0,0,0,5
"S48e93c80","",,,,,,,,,,,,,,,,,,,,,
"S912390c3","",2.5,5,0,3.5,5,0,5,5,0,0,2.5,0,0,0,5,5,5,0,0,0,43.5
"S2bd9fbb5","",2.5,5,5,5,5,2,5,5,5,5,5,1,5,1,5,5,5,5,0,0,76.5
"Sb84b1876","",5,5,5,5,5,5,5,5,5,5,5,5,2,5,5,5,5,5,5,5,97
"S5ed57ffa","",5,0,5,4,5,0,0,5,5,5,1.25,5,5,2,5,5,5,5,0,0,67.25
"S8e7ba546","",5,5,5,5,5,2,5,0,5,0,5,5,5,5,5,5,5,5,5,5,87
"Sce7cba54","",5,0,5,5,5,2,5,0,5,5,5,5,5,2,5,5,5,5,5,5,84
"S4a1a870d","",,,,,,,,,,,,,,,,,,,,,
"S5b6ea5a9","",2.5,0,0,0,0,0,0,5,0,2.5,5,0,0,0,0,0,0,0,0,0,15
"Sb65da7a7","",5,5,5,5,5,5,5,5,5,5,5,5,5,5,5,5,5,0,0,5,90
"Se59fd202","",5,0,0,0,0,0,5,0,0,5,2.5,0,5,0,1.25,0,0,0,0,5,28.75
"S59194eb1","",5,5,5,3.5,5,0,5,5,5,5,5,5,2,2,2.5,5,5,5,5,0,80
"S3a099161","",5,5,5,2,0,0,5,0,5,0,5,0,0,0,0,5,5,0,0,5,47
"S357b0ee3","",0,5,5,3.5,0,0,5,5,5,2.5,5,5,5,2,2.5,0,5,5,5,0,65.5
"S4ba6bbff","",5,2.5,5,4,5,2,0,0,5,5,0,5,5,2,5,5,5,5,5,0,70.5
"S640f23a7","",5,5,5,2.5,5,2,0,5,5,5,1.25,5,0,2,2.5,5,5,5,5,0,70.25
"Sf7f980c1","",5,2.5,5,3,0,0,5,0,5,0,5,1,0,0,1.25,5,5,5,0,0,47.75
"S248bb310","",2.5,0,5,3.5,5,0,0,5,5,5,5,0,5,2,0,0,5,5,0,0,53
"S78553e43","",5,5,5,2,5,0,5,5,5,5,3.75,5,2,5,0,5,5,5,0,0,72.75
"S639ef543","",0,2.5,0,4,0,0,0,5,5,2.5,5,5,5,2,5,5,5,5,5,0,61
"Sfe6386d1","",5,5,5,5,5,2,5,0,5,5,2.5,5,5,0,2.5,5,5,5,5,0,77
"S0e99ee8c","",5,5,5,3.5,5,0,5,0,5,5,5,1,5,2,5,5,5,5,5,0,76.5
"Sb5c7b2eb","",0,0,0,0,0,0,0,0,0,0,0,0,0,0,0,0,0,0,0,0,0
"Se5719c2f","",5,5,5,3.5,5,0,0,0,0,2.5,1.25,5,0,2,2.5,5,5,0,0,0,46.75
"Sffa33187","",5,5,0,1,5,5,5,5,0,5,3.75,0,5,1,2.5,5,5,0,0,0,58.25
"S1ad8d7ae","",2.5,5,0,1,5,0,5,0,5,0,5,4,5,2,5,5,5,5,0,0,59.5
"S667c7191","",5,5,5,5,5,2,5,5,5,5,5,0,5,5,5,5,5,5,5,5,92
"S75610787","",5,5,0,3,5,2,5,5,5,2.5,5,5,5,2,2.5,5,5,5,0,0,72
"S12eb116e","",5,5,0,1,5,5,5,5,5,0,2.5,5,5,5,2.5,5,5,0,0,5,71
"Saea5192f","",2.5,5,5,2,5,0,5,5,5,5,5,0,0,0,0,5,5,5,0,0,59.5
"Sc4e9c5c2","",5,5,5,5,5,2,5,5,5,5,5,5,5,5,5,5,5,5,5,5,97
"S3fd016d8","",5,5,5,4,5,5,5,5,5,2.5,5,5,5,5,5,5,5,5,5,5,96.5
"S5c2dee1b","",5,5,5,5,0,0,5,5,5,5,5,5,5,5,5,5,5,0,0,5,80
"S383afd4c","",5,5,0,4.5,5,2,5,0,5,5,5,5,2,0,0,5,5,5,5,0,68.5
"S16b2a62b","",0,2.5,0,1,5,0,2.5,0,5,0,2.5,0,3,0,0,0,0,0,0,0,21.5
"S42e76176","",2.5,5,5,3.5,5,0,0,5,0,0,5,5,5,2,0,0,5,5,5,0,58
"S0339b63f","",5,2.5,0,5,5,2,5,0,5,0,5,5,5,5,0,5,5,0,5,5,69.5
"Sf766726b","",5,5,0,5,5,0,5,0,5,5,5,5,0,0,5,5,0,0,5,0,60
"Sccd97a8b","",5,0,5,5,5,0,0,0,5,5,5,5,5,5,5,5,5,5,5,0,75
"S63143b29","",2.5,5,5,2,5,0,5,5,5,5,5,5,5,0,5,5,5,5,0,5,79.5
"S4716c42b","",5,5,0,4,0,0,5,0,0,2.5,5,0,5,2,5,5,5,0,0,0,48.5
"Sa5f0110d","",5,5,5,4,5,0,0,5,5,5,1.25,5,2,2,5,5,5,5,0,0,69.25
"S17ac69c0","",5,5,0,3,5,0,5,5,5,0,2.5,5,5,2,3.75,5,5,5,0,5,71.25
"S3dc30bf4","",5,5,5,3,5,0,0,0,5,2.5,5,0,0,0,1.25,0,0,0,0,0,36.75
"S0023850a","",5,5,0,4,5,0,0,5,5,5,1.25,5,5,2,5,5,5,5,5,0,72.25
"S9ac78a95","",2.5,0,5,2,5,0,5,0,5,5,5,0,2,2,2.5,5,5,0,5,5,61
"S93c47cf7","",5,5,0,5,5,5,5,5,5,5,5,5,5,5,5,5,5,5,5,5,95
"Sf5b1d19c","",5,5,5,3.5,5,0,2.5,0,5,0,5,5,5,0,2.5,5,5,5,0,5,68.5
"Sb5e1dea5","",5,0,5,5,0,0,5,0,5,5,2.5,5,5,2,0,5,5,0,0,0,54.5
"S97457135","",5,5,5,3,5,2,5,5,5,2.5,2.5,5,2,2,5,5,5,5,5,0,79
"S4423b37b","",5,0,0,1,5,0,0,0,5,2.5,5,0,0,0,0,5,0,0,0,0,28.5
"Scdb17fd1","",5,5,5,4,5,5,5,5,5,5,5,5,5,5,5,5,5,5,5,5,99
"S4dfd9b58","",0,0,0,1,0,0,0,0,5,0,5,0,0,0,0,5,0,0,0,0,16
"S27ec704f","",5,5,5,2,5,0,0,5,5,0,2.5,1,5,2,0,5,5,5,0,0,57.5
"S0b2db72a","",2.5,0,0,0,0,0,0,0,0,0,2.5,0,0,0,0,0,0,0,0,0,5
"S0dd3b484","",0,5,0,1.5,5,2,5,0,5,2.5,5,0,0,0,0,5,5,5,0,0,46
"S5cd78edc","",5,5,5,5,5,0,5,5,5,2.5,5,5,5,5,5,5,5,5,5,0,87.5
"Sc1ff6f7d","",5,5,5,5,5,5,5,5,5,5,5,5,5,5,1.25,5,5,5,0,5,91.25
"S6728a7b0","",5,5,0,5,5,2,5,5,5,2.5,5,4,5,5,2.5,5,5,0,5,5,81
"S713ecb49","",5,5,5,2.5,5,2,5,0,0,2.5,5,5,5,0,0,5,5,5,0,0,62
"Sd822cd20","",2.5,5,5,3.5,0,0,5,0,5,5,2.5,5,5,2,2.5,5,5,5,0,5,68
"S2b2384e5","",5,5,5,3.5,5,2,0,5,5,2.5,2.5,5,2,2,5,5,5,5,0,0,69.5
"Sbd89eda5","",2.5,5,0,2,0,0,0,0,5,5,5,0,0,0,0,5,5,0,0,0,34.5
"S7e5142bd","",5,5,5,4,5,2,5,5,5,2.5,5,5,5,5,5,5,5,5,0,5,88.5
"Sfccfc723","",5,5,5,3.5,5,2,5,5,5,5,5,5,5,2,5,5,5,5,5,5,92.5
"S9ecd4480","",5,5,0,5,5,0,5,0,5,5,5,5,5,2,5,5,5,0,5,0,72
"S1f4ae246","",2.5,5,5,4,0,0,0,0,5,5,5,1,5,2,1.25,5,5,0,0,0,50.75
"Scf166d1c","",0,0,0,2,0,0,2.5,0,0,2.5,1.25,0,0,0,2.5,0,0,0,0,0,10.75
"Se14acf31","",,,,,,,,,,,,,,,,,,,,,
"S14958228","",5,5,5,5,5,5,5,5,5,5,2.5,5,5,5,5,5,5,5,5,5,97.5
"S5e7cdfdc","",2.5,5,5,3.5,5,2,0,5,5,5,5,4,2,1,2.5,5,5,5,5,0,72.5
"S628d0d8b","",5,5,5,5,5,0,5,5,5,5,5,0,0,0,5,0,5,0,0,0,60
"S01a06579","",5,5,5,5,5,5,5,0,5,5,5,5,5,5,5,5,5,5,5,5,95
"Sd6ab295d","",5,0,0,4,5,0,0,5,5,5,5,5,2,2,0,5,5,5,5,0,63
"Seea404e5","",5,5,0,5,5,0,5,5,5,5,5,1,5,5,5,5,5,5,0,5,81
"S1bf69764","",5,5,5,5,0,0,0,0,5,5,5,1,0,2,5,5,5,5,0,5,63
"S63ba4b1f","",5,5,0,1,0,0,0,5,5,0,2.5,0,0,0,5,5,5,5,0,0,43.5
"Sa1a44e1e","",5,5,0,5,5,5,5,5,5,5,5,0,2,1,5,5,5,0,0,0,68
"S481fb9ac","",5,0,0,0,0,0,0,0,0,0,0,0,0,0,0,0,0,0,0,0,5
"S7f646f8a","",5,2.5,0,4,5,0,5,5,0,2.5,5,5,5,2,2.5,5,5,0,0,5,63.5
"Sf42b41c2","",2.5,5,5,2,0,0,5,5,5,0,5,5,5,3,5,5,5,0,0,0,62.5
"S109479c6","",5,5,5,5,5,0,5,0,5,2.5,5,5,5,1,5,5,5,5,0,0,73.5
"S5f02e69c","",,,,,,,,,,,,,,,,,,,,,
"S50e83d60","",5,5,5,5,5,0,5,0,5,5,5,5,5,0,5,5,5,5,0,5,80
"Sa46ae797","",2.5,5,0,3,5,0,5,5,5,5,2.5,5,5,0,0,5,5,0,0,0,58
"S2d83164d","",5,5,0,3,5,2,5,0,5,2.5,5,0,2,2,5,5,5,0,5,0,61.5
"Sd6340482","",,,,,,,,,,,,,,,,,,,,,
"S8b7306c2","",5,5,5,4.5,5,0,5,5,5,5,5,5,5,5,5,5,5,5,5,5,94.5
"S4aa5bd17","",5,5,5,5,5,2,5,0,5,5,5,0,5,5,5,5,5,5,5,5,87
"S0cebbe27","",2.5,5,5,5,5,0,5,0,5,5,5,0,5,5,5,5,5,0,5,5,77.5
"Sa35ecd0f","",5,0,5,0,5,0,5,5,5,2.5,5,5,5,2,5,5,5,5,5,5,79.5
"Sbd29a54a","",5,5,5,5,5,5,5,5,5,2.5,5,5,0,2,2.5,5,0,5,0,5,77
"S0e379eba","",5,0,0,2,5,0,5,5,0,2.5,5,1,5,0,0,5,5,5,0,0,50.5
"S1dc938a4","",,,,,,,,,,,,,,,,,,,,,
"S135a0528","",5,5,5,5,5,2,5,0,5,2.5,5,5,5,5,5,5,5,5,5,5,89.5
"Sd40a26df","",,,,,,,,,,,,,,,,,,,,,
"Seb1c1e8e","",5,5,5,3.5,0,0,5,0,5,2.5,5,5,5,2,5,5,5,5,5,0,73
"S402bd90f","",5,5,5,4,0,2,5,5,5,2.5,5,5,2,2,0,5,5,5,0,0,67.5
"Sfeb2dbbf","",5,5,5,5,5,0,0,0,5,2.5,1.25,5,5,2,5,5,0,5,5,0,65.75
"S187f7cd2","",5,5,5,5,5,0,0,5,5,5,5,5,5,2,5,5,5,5,0,0,77
"S19bd1996","",5,5,0,3.5,5,5,0,5,5,2.5,5,5,5,2,2.5,5,5,5,0,0,70.5
"S1c736f6a","",,,,,,,,,,,,,,,,,,,,,
"S086c6168","",2.5,5,5,4,5,0,5,5,5,5,5,5,2,1,2.5,5,5,5,5,5,82
"Scf6f2458","",5,5,0,4,5,2,0,5,5,5,2.5,5,5,1,5,5,5,5,0,0,69.5
"Sd7621f26","",5,5,5,5,5,5,5,5,5,5,5,5,5,5,5,5,5,5,5,5,100
"Scaf440c8","",5,5,0,2.5,5,2,5,0,5,5,5,5,5,2,5,5,5,5,0,0,71.5
"Sac75755f","",5,2.5,5,5,5,5,5,0,5,5,2.5,5,5,5,5,5,5,5,5,5,90
"S70196c6a","",5,5,5,5,5,2,5,5,5,5,5,5,5,5,3.75,5,5,5,5,5,95.75
"S20f56a86","",5,5,5,5,5,2,5,5,5,5,5,5,5,5,0,5,5,0,5,5,87
"S5e2aa48e","",2.5,5,5,5,5,2,0,5,5,2.5,5,5,2,5,5,5,5,5,5,5,84
"S031dd716","",5,2.5,5,4.5,5,0,5,5,5,0,5,1,5,5,2.5,5,5,5,0,0,70.5
"S948338fa","",0,5,0,0,0,0,0,5,0,0,2.5,1,0,0,0,0,5,5,0,0,23.5
"S944d07d6","",5,0,0,2.5,0,0,0,0,0,0,0,0,0,0,0,0,0,0,0,0,7.5
"Sdf7c36c2","",5,5,5,5,5,2,5,5,5,5,2.5,5,5,5,5,5,5,5,5,5,94.5
"Sade10d8d","",5,5,5,4,5,2,5,5,0,5,2.5,5,2,2,5,5,5,5,5,5,82.5
"Sb42a3acc","",5,5,0,4.5,5,0,0,0,0,2.5,5,0,5,2,1.25,5,5,0,0,0,45.25
"S4224d0c8","",5,5,5,4,0,5,2.5,5,5,0,5,0,5,5,0,5,5,5,0,0,66.5
"Sc923937e","",5,5,5,4,5,5,2.5,5,5,5,2.5,5,5,2,5,5,5,5,5,0,86
"Sf8b11195","",5,5,5,5,5,2,5,5,5,5,5,5,5,2,3.75,5,5,5,5,0,87.75
"Sdcbfd409","",5,5,0,5,5,2,5,5,5,2.5,5,5,5,2,5,5,5,0,0,0,71.5
"S60fc2b89","",5,5,5,5,5,5,5,5,5,2.5,5,4,5,5,0,5,5,5,5,0,86.5
"Scc23daae","",0,5,5,5,5,2,5,0,5,0,5,5,0,0,2.5,5,5,0,5,0,59.5
"S26888f69","",5,5,0,0,0,0,0,5,5,0,5,5,5,2,1.25,5,5,0,0,0,48.25
"S7c25792a","",2.5,0,0,3,0,0,5,5,5,0,2.5,5,2,2,5,5,5,0,0,0,47
"Sed3380ac","",2.5,2.5,5,0,5,0,5,5,5,2.5,5,5,2,2,2.5,5,5,5,0,0,64
"S0256b320","",,,,,,,,,,,,,,,,,,,,,
"Sc10a4cad","",5,5,5,4,5,0,0,5,5,0,5,5,0,5,2.5,5,5,5,5,0,71.5
"S2fbbe69d","",5,5,0,3,5,0,0,5,5,5,5,1,5,2,5,5,5,5,0,0,66
"Sda6d434d","",0,5,0,4,5,0,0,5,5,0,5,1,2,2,1.25,5,5,5,0,5,55.25
"Sd6542d5c","",5,0,5,0,0,0,0,0,0,5,0,0,0,0,1.25,0,0,0,0,0,16.25
"S9c9f0cce","",5,5,5,5,5,2,0,5,5,2.5,5,5,2,5,2.5,5,5,5,0,5,79
"Sf2d901a1","",5,5,5,3,5,2,5,5,5,2.5,5,5,2,2,5,5,5,0,0,0,71.5
"S25ea9141","",5,5,5,4,5,2,5,0,0,2.5,5,5,5,5,5,5,5,5,5,0,78.5
"S510a36b2","",5,5,5,5,5,0,5,5,5,5,2.5,5,5,3,5,5,5,5,0,0,80.5
"S371798b1","",5,5,0,5,5,2,5,5,5,5,2.5,5,5,5,0,5,5,5,0,5,79.5
"Sd6abe9bf","",5,5,5,3.5,5,0,5,5,5,0,5,1,2,1,5,5,5,5,0,0,67.5
"S25e5ab05","",5,5,0,4,0,0,0,5,5,0,5,0,0,0,1.25,5,5,0,0,0,40.25
"S6318b806","",5,5,5,3,5,2,2.5,5,5,0,0,5,5,2,2.5,5,5,5,5,5,77
"S35064818","",5,5,0,0,0,2,5,0,0,2.5,2.5,5,5,0,0,5,5,5,0,5,52
"S11a0e0fd","",5,5,0,1,0,0,0,0,5,0,5,5,2,2,0,5,5,0,0,0,40
"Sdfdbc8f9","",5,5,5,5,5,0,5,0,5,2.5,2.5,5,5,4,5,5,5,5,0,5,79
"S05e4cb6a","",2.5,5,5,5,5,2,5,5,0,5,2.5,5,5,5,3.75,5,0,0,0,0,65.75
"Sce61ac22","",0,5,0,3,5,2,0,0,5,0,0,5,0,0,0,0,0,0,0,0,25
"Se960b61e","",5,5,5,4,5,0,5,5,5,5,5,1,0,0,2.5,5,5,5,5,5,77.5
"Sbfa0fe5f","",5,5,5,5,5,0,0,5,5,5,5,0,0,0,5,5,5,5,0,5,70
"S87fdc1ce","",5,5,5,5,5,2,0,5,5,5,5,0,0,0,0,5,5,5,5,0,67
"S9a44da45","",5,5,0,2,5,0,0,0,0,5,5,5,5,2,5,5,5,5,5,5,69
"Se559085a","",5,5,5,5,5,5,5,5,5,5,5,5,0,5,5,5,5,5,5,5,95
"S6eee2256","",0,5,0,4,5,5,5,5,5,0,5,5,5,5,5,5,5,5,5,0,79
"S1a51604d","",5,5,0,5,5,2,0,5,5,0,5,5,2,1,5,5,5,5,0,0,65
"S84840baa","",2.5,5,0,1,5,5,5,5,5,2.5,0,0,0,0,5,5,5,5,0,0,56
"S6c8d8e40","",2.5,5,5,1.5,5,0,0,0,5,2.5,2.5,0,5,0,5,0,5,5,5,0,54
"Sff74c817","",2.5,5,0,3.5,0,0,0,0,5,0,2.5,0,0,0,1.25,5,5,0,0,0,29.75
"Sd982431f","",5,5,0,4,5,2,5,0,5,5,1.25,5,2,2,0,5,5,0,0,0,56.25
"Sbf71bca6","",5,5,5,5,0,2,0,5,5,2.5,5,1,5,2,5,5,5,0,5,0,67.5
"S0a62d383","",5,5,5,2,5,2,0,5,5,2.5,5,5,5,0,5,5,5,5,5,0,76.5
"S899869d9","",5,5,0,1,5,5,2.5,5,5,0,2.5,4,5,2,0,5,5,5,0,0,62
"Sd679b40b","",5,5,5,5,5,5,0,5,5,5,5,5,5,5,5,5,5,5,5,5,95
"S1deef051","",5,0,0,5,5,0,0,5,5,0,5,5,2,1,0,5,5,5,0,0,53
"S0a35dc3f","",5,5,0,5,5,2,5,0,5,2.5,5,5,5,2,5,5,5,5,5,0,76.5
"Sf415e68d","",5,0,5,0,0,0,0,0,0,0,0,0,0,0,0,0,0,0,0,0,10
"S3f9bbb1e","",2.5,5,0,2,5,0,0,5,5,0,5,1,2,2,0,5,5,5,0,5,54.5
"S94bc4d7d","",5,0,5,4.5,5,0,5,5,5,5,2.5,5,0,1,5,5,5,5,5,0,73
"Sd70ecc84","",5,5,0,4,5,5,5,5,5,5,5,5,5,5,5,5,5,5,5,5,94
"S9f270320","",5,5,5,4,5,2,5,0,5,5,5,1,2,2,0,5,5,5,0,0,66
"Sa1d03079","",5,5,5,5,5,0,5,5,5,5,5,5,5,1,5,5,5,5,0,0,81
"Sc30f720c","",5,5,5,2.5,5,0,5,5,5,5,5,1,5,5,0,5,5,5,5,5,83.5
"Sb3ed315c","",5,2.5,5,0,5,5,5,5,5,5,2.5,5,5,2,5,5,5,5,5,0,82
"S62f7fda4","",5,5,5,5,5,2,5,5,5,5,5,5,5,2,3.75,5,5,5,5,0,87.75
"Sd33792fd","",5,5,5,4,5,3,0,5,5,2.5,2.5,5,5,5,5,5,5,5,5,0,82
"S6d578623","",2.5,5,0,3.5,5,2,0,5,0,0,5,5,5,2,0,5,5,0,5,0,55
"Sa55bbc4c","",5,5,5,2.5,5,0,0,0,5,5,5,5,0,0,2.5,5,5,5,0,0,60
"S005382a1","",5,5,5,5,5,2,0,5,0,2.5,5,5,5,5,5,5,5,0,0,0,69.5
"S9b8b3193","",5,5,0,5,5,0,5,0,5,5,2.5,0,2,5,5,0,0,5,5,0,59.5
"Sf36db1c3","",2.5,5,5,4,5,5,2.5,0,5,5,1.25,5,5,5,5,5,5,5,0,0,75.25
"S797dac04","",5,5,5,3,0,0,5,5,0,2.5,5,5,2,2,1.25,5,5,5,0,0,60.75
"Sedbc4cc4","",5,5,5,4,5,2,5,0,5,5,5,5,0,4,5,5,5,5,5,0,80
"Se07f5bb7","",5,5,5,5,5,2,5,5,5,5,5,5,5,2,5,5,5,5,5,5,94
"S95f9cee7","",5,5,5,5,5,2,5,5,5,0,0,5,5,2,5,5,5,5,5,0,79
"S99cb2cbc","",5,5,0,4,0,0,0,5,5,0,5,5,5,1,0,5,5,0,5,0,55
"Sfb5c1ca0","",5,5,5,5,5,2,5,0,5,5,0,0,5,0,5,5,5,5,5,0,72
"S518cbb15","",,,,,,,,,,,,,,,,,,,,,
"Sb74b9d8f","",5,5,5,3.5,5,0,5,0,5,5,5,5,5,4,5,5,5,5,5,5,87.5
"Se55a7ef3","",5,5,5,5,5,0,0,5,5,5,5,5,5,2,0,5,5,0,5,0,72
"S50e2a300","",0,5,0,4,5,2,5,5,0,0,1.25,5,0,0,2.5,0,5,0,0,0,39.75
"S194e2709","",5,5,0,5,5,5,0,5,5,5,5,5,5,2,5,5,5,0,5,5,82
"Saaa04b58","",,,,,,,,,,,,,,,,,,,,,
"Sec95a54d","",5,5,5,5,5,0,0,0,5,5,5,0,5,2,5,5,5,0,0,5,67
"Seacb87e8","",5,5,5,4,5,2,5,5,5,5,5,5,5,5,0,5,5,5,5,5,91
"S39e7e5dd","",5,5,5,5,5,5,5,5,5,5,2.5,5,5,5,5,5,5,5,5,5,97.5
"Sf742c203","",5,0,0,0,0,0,0,0,0,0,0,0,0,0,0,0,0,0,0,0,5
"S835ca29a","",5,5,0,0,5,0,0,0,5,2.5,5,0,0,0,0,5,5,0,0,0,37.5
"S8db660c3","",2.5,5,0,0,5,0,5,5,5,0,0,0,5,2,5,0,5,5,0,0,49.5
"S2ae7fcee","",0,5,5,2,5,0,0,5,5,5,5,5,5,2,5,5,5,5,0,5,74
"S329e0046","",5,5,0,3,0,0,5,0,0,5,2.5,0,5,2,5,0,0,0,0,0,37.5
"S3b119cb0","",0,5,5,4,5,2,5,5,5,2.5,1.25,5,5,1,5,5,5,5,0,0,70.75
"Sa7a6f0da","",0,5,5,3,0,0,0,5,5,0,5,0,0,0,0,5,5,5,0,0,43
"S2d2f1d6f","",,,,,,,,,,,,,,,,,,,,,
"S05cf50e5","",,,,,,,,,,,,,,,,,,,,,
"S8676042b","",5,0,5,4,0,0,5,0,5,5,1.25,5,5,2,0,0,5,5,0,0,52.25
"Sa4d000fa","",5,5,5,2,0,0,5,0,5,2.5,5,5,5,5,5,5,5,5,5,5,79.5
"S9ba61175","",,,,,,,,,,,,,,,,,,,,,
"Sfda21f0e","",5,5,5,5,0,5,0,5,0,0,5,5,5,2,0,5,5,0,0,0,57
"Sda48491d","",5,5,0,4,0,0,5,5,5,5,5,5,5,5,5,5,5,5,5,5,84
"Sdd5c7440","",5,5,0,5,5,0,0,5,5,5,5,4,5,5,5,5,5,5,5,5,84
"Se440c7f4","",5,2.5,5,5,5,2,5,5,5,2.5,5,5,5,5,5,5,5,5,5,0,87
"S50760295","",2.5,5,5,5,0,5,5,5,5,2.5,5,0,5,2,5,5,5,5,5,0,77
"Sb8b7a51c","",5,5,5,5,5,5,5,0,5,5,3.75,5,5,1,5,5,0,5,0,0,74.75
"S3c8723f5","",5,2.5,5,5,5,2,0,0,5,0,5,5,2,5,5,5,5,5,0,5,71.5
"S557244fa","",5,5,5,5,5,5,5,5,5,5,5,5,5,2,0,5,5,5,5,5,92
"Se2923674","",5,5,5,5,5,5,5,5,5,5,5,5,5,2,5,5,5,5,5,5,97
"S341b47cb","",5,5,5,5,5,0,5,5,5,5,5,5,5,2,5,5,5,5,5,5,92
"Se8dd5824","",5,5,0,4,0,0,2.5,0,5,5,5,0,5,2,2.5,5,5,5,0,0,56
"S775ef712","",5,5,5,5,5,5,5,5,5,5,5,5,2,5,5,5,5,5,5,0,92
"S67be14d5","",2.5,5,0,4,5,2,5,5,5,0,0,5,5,1,5,5,5,5,5,0,69.5
"S75fb37cd","",5,5,0,5,5,2,5,0,5,2.5,5,0,5,2,0,5,5,5,5,0,66.5
"S933f118d","",5,5,0,5,5,0,5,5,0,2.5,2.5,5,0,5,5,5,5,0,0,0,60
"S4e6db652","",5,5,5,5,5,0,5,5,5,5,5,5,3,3,5,5,5,0,0,5,81
"S8f15bd53","",0,0,5,2.5,5,0,5,0,5,2.5,5,1,0,0,5,5,5,0,5,0,51
"S420d3f73","",5,5,0,2.5,0,0,0,5,5,2.5,2.5,0,0,2,2.5,0,0,0,0,0,32
"S2fd6f860","",5,5,5,5,0,0,5,0,5,0,5,5,0,0,0,5,5,5,0,0,55
"S94f63273","",5,5,0,3,5,2,5,5,5,0,5,5,0,5,5,5,5,5,5,0,75
"S4755faea","",0,0,0,0,0,0,0,0,0,0,0,0,0,0,0,0,0,0,0,0,0
"S8efe283b","",5,5,5,4,5,0,5,5,5,5,2.5,5,5,5,5,5,5,5,5,5,91.5
"Se558ace1","",5,5,0,0,5,0,0,0,0,2.5,5,5,5,0,3.75,5,5,0,0,0,46.25
"S87530849","",5,0,5,5,0,0,5,0,5,5,5,5,2,2,3.75,5,5,5,0,0,62.75
"Sa30ca955","",5,5,0,3.5,5,0,5,0,5,5,5,5,5,0,5,5,5,5,5,0,73.5
"S8093d3c9","",5,5,5,5,5,5,5,5,5,2.5,5,5,5,5,0,5,5,5,5,5,92.5
"Scf9799ad","",5,2.5,5,5,5,2,5,5,5,5,5,5,5,2,0,5,5,5,0,0,76.5
"See851e9d","",2.5,5,0,0,5,0,5,0,0,0,5,0,5,0,0,0,0,0,0,0,27.5
"S5f939a7e","",5,5,5,3,5,2,5,5,5,2.5,5,5,5,2,5,5,5,5,5,5,89.5
"S6da753f5","",,,,,,,,,,,,,,,,,,,,,
"Saa76d9b1","",5,5,0,5,5,0,0,0,5,5,5,0,5,1,0,5,5,5,0,0,56
"S863966b0","",5,0,5,4.5,5,0,0,5,5,2.5,5,0,5,2,2.5,5,5,5,5,0,66.5
"Scf99bee3","",0,2.5,0,3,0,0,2.5,5,5,2.5,2.5,5,2,0,1.25,5,5,5,5,0,51.25
"S432a58b2","",5,5,5,5,5,0,5,5,5,5,5,5,5,5,5,5,5,0,5,5,90
"S7671dca1","",5,5,5,5,5,0,5,5,5,5,5,5,5,5,5,5,5,5,5,5,95
"S75cbb8ec","",5,5,0,3,0,0,5,0,5,5,3.75,5,5,1,5,5,5,5,0,0,62.75
"S0eb1d3ff","",5,5,0,5,5,0,2.5,5,5,2.5,5,0,0,0,0,0,0,0,0,0,40
"Sdfe670fb","",2.5,0,0,2,0,0,2.5,5,5,0,5,1,0,0,0,5,5,0,0,0,33
"S15f36ffe","",,,,,,,,,,,,,,,,,,,,,
"S073a5001","",5,0,0,4,5,0,0,5,5,5,5,5,5,2,5,5,5,5,0,0,66
"Sa18f73b7","",2.5,0,0,4.5,5,0,0,5,5,5,5,5,2,2,2.5,5,5,5,5,5,68.5
"S2c1aff9a","",5,5,5,5,5,2,5,5,5,5,5,5,5,5,5,5,5,5,5,0,92
"S8edf5487","",5,5,0,0,5,0,0,0,5,0,0,5,5,2,0,5,5,0,0,0,42
"Sfa19391c","",,,,,,,,,,,,,,,,,,,,,
"Sda4b8925","",2.5,5,0,2,5,0,0,0,0,2.5,5,0,0,0,2.5,5,5,5,0,0,39.5
"S7649df10","",5,5,0,4,5,2,5,5,5,0,2.5,5,5,5,5,5,5,5,0,0,73.5
"S8d96d120","",2.5,5,0,5,5,5,5,5,5,0,5,5,5,2,5,5,5,5,5,5,84.5
"Sd1291ed4","",0,5,0,2,5,5,0,5,5,2.5,5,5,5,5,3.75,5,5,5,0,0,68.25
"Sc4c63736","",5,5,0,4.5,5,2,5,5,5,5,5,5,5,2,3.75,5,5,5,0,0,77.25
"S0bd5b36e","",5,5,5,0,5,5,5,5,5,0,5,5,5,4,5,5,5,5,0,0,79
"S9fbe33b0","",,,,,,,,,,,,,,,,,,,,,
"Sb00197f2","",5,5,5,2,0,0,0,5,5,5,5,5,5,2,5,5,5,0,5,0,69
"S0617dfd3","",5,0,0,0.5,5,2,5,0,0,2.5,2.5,5,5,5,0,5,5,5,5,0,57.5
"Sad083586","",0,0,0,0,0,0,0,0,0,0,0,0,0,0,0,0,0,0,0,0,0
"S82fa877b","",5,5,0,3,5,2,5,0,5,0,5,5,2,5,5,5,5,5,5,5,77
"S518eb672","",5,5,0,3,5,0,5,5,5,2.5,2.5,5,2,2,5,5,5,5,0,0,67
"S4476c8f3","",5,5,0,4,5,2,5,5,0,5,3.75,5,5,2,5,5,5,5,5,0,76.75
"S8ea7a9cf","",5,5,0,4,5,0,5,0,5,5,2.5,5,5,2,5,5,5,5,0,5,73.5
"S66d6118f","",5,5,5,2,5,2,5,0,5,5,5,5,5,5,5,5,5,5,5,0,84
"Sf13d2b9f","",5,5,5,4.5,5,0,0,5,5,5,5,1,5,5,0,5,5,5,5,5,80.5
"S6426d38b","",5,5,5,5,5,2,0,5,5,5,5,5,5,2,5,5,5,5,0,5,84
"S8fed1011","",5,5,5,3,5,2,0,0,5,2.5,5,0,2,0,1.25,0,0,0,0,0,40.75
"S124fe0af","",5,5,5,4,5,0,5,5,0,0,5,0,0,0,0,5,5,5,0,0,54
"S9df1db19","",5,5,0,0,5,2,0,5,5,5,2.5,5,0,0,5,5,5,0,0,0,54.5
"S9656994a","",,,,,,,,,,,,,,,,,,,,,
"Sffd0e6a3","",5,5,5,5,5,0,0,0,5,5,2.5,0,5,5,5,5,5,5,5,5,77.5
"S4737de53","",5,0,5,5,5,5,0,0,5,5,2.5,5,5,5,0,5,5,5,5,5,77.5
"S2f5d42e4","",5,5,5,5,5,5,0,0,5,5,2.5,5,5,0,0,0,0,0,0,0,52.5
"S642f9244","",5,5,5,5,5,5,5,0,5,0,2.5,5,5,1,5,5,5,5,5,0,78.5
"Sac3ad726","",5,5,5,4,5,0,5,0,5,0,2.5,4,5,2,5,5,5,5,0,0,67.5
"Seb3d0bd6","",5,5,5,3,0,0,5,0,5,2.5,3.75,5,0,4,5,5,5,0,5,0,63.25
"S5a74aa3f","",5,2.5,0,4,5,0,5,0,5,5,2.5,5,2,2,2.5,5,5,0,0,0,55.5
"Sbe3dd8d5","",,,,,,,,,,,,,,,,,,,,,
"S0d8a2ae7","",0,5,0,1.5,5,2,0,5,5,0,5,4,5,2,0,5,5,5,0,0,54.5
"S07117d1f","",5,5,5,5,5,5,5,5,5,5,5,5,5,5,0,5,5,0,0,5,85
"S3de31311","",5,0,0,3.5,5,0,0,0,0,0,5,5,5,5,2.5,5,5,5,0,0,51
"S5b48c9e7","",0,0,0,0,0,0,0,0,0,0,0,0,0,0,0,0,0,0,0,0,0
"S9ba4c367","",5,5,5,2,5,0,5,5,5,2.5,5,5,5,0,3.75,5,5,0,5,5,78.25
"Sa7fec522","",5,5,0,4,5,2,5,5,5,5,5,5,5,2,5,5,5,0,5,0,78
"Sc9ff5f15","",5,0,5,4.5,5,2,5,5,5,2.5,5,5,5,0,5,5,5,5,5,0,79
"S90518c8a","",5,5,5,5,5,2,5,5,5,5,5,5,5,2,5,5,5,5,0,0,84
"S68e67481","",2.5,5,0,2.5,5,0,5,0,5,0,5,5,5,0,0,0,0,0,0,0,40
"Seadfa902","",5,5,5,4.5,5,2,0,0,5,2.5,5,5,5,2,2.5,5,5,5,5,5,78.5
"S633a1b15","",0,5,5,3.5,5,0,5,0,5,5,2.5,5,5,2,0,5,5,5,0,0,63
"Sfdf57676","",5,5,5,3.5,5,0,5,0,5,5,5,5,2,2,0,5,5,5,5,0,72.5
"S38807ce5","",2.5,0,0,2,0,0,5,0,0,2.5,2.5,0,2,0,2.5,5,0,0,0,0,24
"Sdbad34f9","",5,5,5,4,5,2,5,0,5,5,5,5,5,2,5,5,5,5,0,0,78
"S074df1c9","",5,5,5,5,5,0,5,5,5,5,5,5,5,5,5,5,5,5,5,5,95
"S101e0e1d","",5,0,0,3,5,2,0,5,5,0,5,0,2,0,2.5,0,5,0,0,0,39.5
"Sb5e7c3ea","",5,5,5,3,5,2,5,5,5,5,5,5,5,2,0,5,0,5,5,0,77
"S1edee3c7","",5,5,0,3,5,0,0,0,0,2.5,2.5,5,2,2,3.75,0,5,0,0,0,40.75
"Sadc2bcb4","",5,5,0,5,5,2,0,5,5,2.5,5,0,5,5,5,5,5,5,5,5,79.5
"Sd7452291","",5,5,5,2.5,0,2,2.5,5,5,0,1.25,0,5,0,2.5,5,0,5,0,0,50.75
"S04a08cac","",5,5,0,2.5,5,0,5,0,5,0,2.5,0,2,0,0,5,0,0,0,0,37
"Sde910874","",5,5,5,1.5,5,5,5,0,5,2.5,5,5,2,5,5,5,5,5,5,0,81
"S06d1ac8d","",5,5,5,5,0,5,5,0,5,5,5,1,5,5,0,5,5,5,5,5,81
"S396910ee","",2.5,5,5,5,0,2,5,0,0,5,2.5,4,2,0,5,5,5,0,0,0,53
"S36435107","",,,,,,,,,,,,,,,,,,,,,
"S85de9321","",5,5,5,3,5,0,5,5,5,2.5,5,5,5,5,5,5,5,5,0,0,80.5
"S459c8073","",5,5,0,3,5,0,5,0,5,2.5,2.5,5,5,2,5,5,5,5,5,0,70
"S8d1dcd82","",5,0,5,3,0,0,0,0,0,5,0,5,0,0,1.25,5,5,0,0,5,39.25
"S0112c146","",5,0,5,4,5,0,5,5,5,5,2.5,5,2,5,5,5,5,0,0,5,73.5
"S8a576ef9","",,,,,,,,,,,,,,,,,,,,,
"S9e158754","",5,5,5,5,5,2,5,5,5,5,2.5,5,5,5,5,5,5,5,0,5,89.5
"S919a0e27","",2.5,5,0,3,5,2,0,5,5,0,2.5,5,0,0,0,5,5,5,0,0,50
"Sc46ffef4","",5,5,0,4,5,5,5,5,5,5,5,5,5,0,5,5,5,0,0,0,74
"S8cfa7de3","",5,5,0,5,5,2,5,5,5,5,2.5,5,5,1,5,5,5,5,0,0,75.5
"S5af80f69","",0,5,0,2,0,0,0,5,0,2.5,2.5,0,0,0,0,0,5,0,0,0,22
"S6f8cb96c","",2.5,5,0,5,5,2,5,5,5,5,5,4,0,5,5,5,5,5,0,5,78.5
"Sf69d3252","",5,5,5,5,5,0,5,5,5,5,2.5,5,0,1,3.75,5,5,5,0,5,77.25
"S1f07eb7e","",5,5,0,1,5,0,0,5,5,5,5,5,5,2,0,5,5,5,5,0,68
"Sd3e953f1","",5,5,5,4,5,2,5,0,5,2.5,2.5,1,5,2,0,5,5,0,5,5,69
"S1afb1fc4","",5,2.5,5,4,5,2,5,0,0,5,5,5,5,5,5,5,5,0,0,0,68.5
"Sa433b916","",5,5,5,3.5,5,0,5,0,5,0,1.25,5,2,2,2.5,5,5,0,0,0,56.25
"S13f667ee","",5,5,5,5,5,2,5,5,0,5,0,5,2,5,5,5,5,5,0,0,74
"Sc0c92454","",5,5,5,3.5,5,5,0,5,5,2.5,5,5,5,2,5,5,5,5,5,5,88
"S4b5a6051","",5,5,5,4,5,0,5,5,5,0,2.5,5,5,5,5,5,5,5,5,5,86.5
"S11aed704","",5,5,5,4,5,0,5,5,5,5,5,5,5,5,3.75,5,5,5,5,0,87.75
"S20245e0c","",5,5,5,5,5,5,5,5,5,5,5,5,5,5,5,5,5,5,5,5,100
"Sa5dae1fb","",5,2.5,0,4,5,0,0,0,5,5,5,1,5,5,5,5,5,0,0,0,57.5
"Sd6f37a61","",5,5,5,5,5,0,5,5,5,5,5,5,5,5,5,5,5,5,5,5,95
"Scb9f333b","",5,5,5,3.5,5,3,5,5,5,5,5,5,5,5,2.5,5,5,0,0,0,79
"Sc61756fb","",5,0,0,0,0,0,0,0,0,0,0,0,0,0,0,0,0,0,0,0,5
"S58fb4a43","",0,0,0,3,0,0,0,0,0,2.5,1.25,4,0,0,5,0,0,0,0,0,15.75
"S78a6dfa9","",5,0,5,4,5,5,5,5,5,5,5,5,0,2,5,5,5,5,5,5,86
"S3fb430b9","",5,0,5,5,5,0,5,5,5,0,5,5,5,5,5,5,5,5,5,5,85
"Se5d92e23","",5,0,0,3,5,0,5,0,5,2.5,5,5,5,1,3.75,5,5,0,5,0,60.25
"S7f477895","",5,5,0,3.5,0,0,5,0,0,5,2.5,5,5,5,0,0,0,5,5,0,51
"Sa715f05e","",2.5,0,0,0,5,0,0,0,0,2.5,5,0,0,0,0,5,0,0,0,0,20
"S89cf1f36","",5,5,0,0,5,0,5,5,5,2.5,5,5,0,0,0,0,5,0,0,0,47.5
"S697d8fa6","",5,5,5,3.5,5,0,5,5,0,5,2.5,5,0,2,0,5,5,0,0,0,58
"Sdb4e8d15","",5,5,5,4,5,5,5,5,5,5,2.5,5,5,5,5,5,5,5,5,5,96.5
"S1e7bdf59","",0,0,0,1,0,0,2.5,5,5,0,1.25,0,0,0,0,0,5,5,5,0,29.75
"S91ac354f","",5,5,5,4,5,2,5,0,5,5,0,0,0,0,0,0,0,0,0,0,41
"S944cbcfa","",0,0,0,0,0,0,0,0,0,0,0,0,0,0,0,0,0,0,0,0,0
"S474709ad","",5,5,0,5,0,5,5,5,5,2.5,2.5,5,5,2,5,5,5,5,0,0,72
"Sec210c8a","",5,5,0,4,5,0,5,0,5,0,5,5,5,2,5,0,0,0,0,0,51
"Sd164ae5d","",,,,,,,,,,,,,,,,,,,,,
"Sc437dbbb","",5,5,5,5,5,0,2.5,0,5,5,5,5,5,2,5,5,5,5,5,5,84.5
"S55184af5","",5,5,5,5,5,5,5,0,5,5,5,5,5,5,5,5,5,5,5,0,90
"S1938edb8","",5,5,5,5,5,5,5,5,5,5,5,5,5,5,5,5,5,5,5,5,100
"S355445a6","",5,5,5,4,5,0,0,5,0,0,5,0,5,2,5,5,5,5,0,0,61
"S0ad0b87e","",0,0,0,4,5,2,0,5,5,5,5,0,5,2,5,0,5,0,0,0,48
"S4f89a0cf","",5,5,5,5,0,5,5,5,5,2.5,5,1,5,4,5,5,5,5,5,5,87.5
"S85f06c68","",5,5,5,3.5,5,0,5,5,5,2.5,5,5,5,2,5,5,5,0,0,5,78
"S0e4aa112","",0,0,0,0,0,0,0,0,0,0,0,0,0,0,0,0,0,0,0,0,0
"Sd31ea233","",,,,,,,,,,,,,,,,,,,,,
"S6df4a7f2","",0,5,5,4,5,0,0,0,0,0,5,0,0,0,2.5,5,5,0,0,0,36.5
"Se1fe0032","",5,5,0,3.5,5,2,0,5,5,0,5,5,5,0,1.25,5,5,5,0,0,61.75
"S6f06b7e4","",5,5,5,5,5,2,5,0,5,5,5,5,5,2,5,5,5,5,5,5,89
"Sa34e332f","",2.5,5,0,3,5,0,0,5,5,2.5,2.5,5,5,5,0,5,5,5,0,0,60.5
"Sa5239e71","",2.5,5,0,4.5,5,2,5,0,5,0,5,4,5,2,3.75,0,5,5,0,0,58.75
"S331e969c","",5,5,0,3.5,5,0,2.5,0,5,5,5,5,2,2,0,5,5,5,0,5,65
"S1a1fcf89","",5,5,5,2,5,0,0,5,5,2.5,5,5,5,2,2.5,5,5,5,0,0,69
"S5a26d1f2","",5,5,5,4,5,5,5,5,5,5,2.5,5,5,5,5,5,5,5,5,0,91.5
"S28359df9","",5,2.5,5,3,0,0,0,0,5,2.5,5,0,5,0,0,0,0,0,0,0,33
"S56f02306","",5,5,5,3.5,5,0,5,0,5,5,5,5,5,5,5,5,5,5,5,0,83.5
"S3ee14d03","",5,5,5,5,5,5,5,5,5,2.5,5,5,5,2,2.5,5,5,5,5,5,92
"S5c5c4d0b","",5,5,5,5,5,5,5,0,5,5,5,5,5,2,3.75,5,5,5,5,5,90.75
"S23f33b2b","",5,5,5,5,5,2,0,5,5,2.5,5,5,5,5,5,5,5,5,5,5,89.5
"S90a6bdaa","",2.5,5,0,3,5,5,5,5,5,2.5,2.5,5,5,1,0,5,5,0,0,0,61.5
"S24036f8a","",5,0,0,3,0,0,0,0,0,0,0,0,0,0,0,0,0,0,0,0,8
"S573b7ede","",5,5,5,5,5,5,5,5,5,5,1.25,5,5,2,5,5,5,5,0,5,88.25
"Sb3efe34e","",5,5,5,5,5,2,5,5,5,5,5,5,5,5,5,5,5,5,5,5,97
"S5ce5cc78","",0,5,0,4,0,2,5,5,5,0,5,1,5,0,0,0,0,0,0,0,37
"S1729522c","",,,,,,,,,,,,,,,,,,,,,
"Sb5d9dd14","",5,5,5,1.5,5,2,5,0,5,2.5,2.5,5,5,2,5,5,5,5,5,0,75.5
"S350f1640","",5,5,5,4,5,0,5,5,5,2.5,2.5,4,2,5,5,0,5,0,5,0,70
"S64f78ee5","",2.5,5,5,3.5,5,2,2.5,5,5,2.5,5,5,5,2,5,5,5,5,0,0,75
"Sd3c0633f","",5,5,5,0,0,0,0,0,0,5,5,0,0,0,1.25,0,0,0,0,0,26.25
"S2eb6c73b","",5,5,5,3,5,0,5,0,5,5,5,5,0,0,5,5,5,5,5,5,78
"Sdee764e3","",5,5,5,5,5,0,2.5,0,5,0,5,0,0,0,2.5,5,5,5,0,0,55
"Sfa36cbe8","",2.5,0,0,0,0,0,0,0,0,0,0,0,0,0,0,0,0,0,0,0,2.5
"S569c2fd1","",2.5,0,5,3.5,5,0,0,5,5,5,2.5,1,5,5,5,5,5,0,0,0,59.5
"S4a90f0d6","",5,5,5,3,5,2,5,5,5,2.5,5,5,5,5,5,5,5,5,5,5,92.5
"S5649a275","",5,5,5,2,5,0,0,5,5,0,5,0,5,2,5,5,5,0,0,0,59
"S651a06c2","",5,5,5,5,5,2,5,0,5,5,5,5,5,5,5,5,5,5,0,5,87
"S73a99647","",5,5,0,3,5,0,5,5,5,5,2.5,5,2,0,2.5,5,5,0,0,0,60
"Sd0be780d","",5,5,5,3.5,0,2,0,0,0,0,5,1,3,0,0,5,5,5,0,0,44.5
"S3ca580e6","",5,0,0,0,5,0,0,0,0,0,1.25,0,0,0,0,0,0,0,0,0,11.25
"Scf60defe","",2.5,0,0,1,5,0,0,0,5,0,5,5,0,0,5,0,0,0,5,0,33.5
"S4f45ebd7","",2.5,2.5,5,1,5,0,5,5,5,0,1.25,0,5,0,0,5,5,5,0,0,52.25
"S06ac4c50","",5,5,0,3,5,0,5,5,5,2.5,5,0,0,0,3.75,5,5,0,0,0,54.25
"S4bf84c3d","",5,5,5,5,5,0,0,0,5,5,5,5,5,5,0,5,5,5,0,0,70
"S34bb1f93","",5,5,5,5,5,5,5,5,5,5,5,5,5,5,5,5,5,5,5,5,100
"Se3af31f5","",5,5,5,1,5,2,0,0,5,5,2.5,5,5,1,5,5,5,0,0,0,61.5
"S785148af","",,,,,,,,,,,,,,,,,,,,,
"S6e4536a6","",5,5,5,5,5,0,5,0,5,5,5,5,5,5,5,5,5,5,5,5,90
"S588f8d95","",5,5,5,5,5,0,5,5,5,5,2.5,5,5,4,2.5,5,5,0,0,0,74
"Sf4f434c2","",2.5,2.5,5,4,0,2,5,5,5,2.5,5,5,5,2,5,5,5,0,5,0,70.5
"S020505b2","",,,,,,,,,,,,,,,,,,,,,
"Sdd830140","",5,5,5,5,5,2,5,5,5,2.5,5,5,5,5,5,5,5,5,5,5,94.5
"S21c388a9","",5,5,5,5,5,0,5,0,5,5,5,4,5,2,5,5,5,0,5,0,76
"S16c21711","",5,0,0,5,5,3,5,5,5,5,5,5,2,2,5,5,5,5,5,5,82
"S1bee5345","",2.5,5,5,4,5,0,5,0,5,5,5,5,0,0,0,0,0,0,0,0,46.5
"S7caa1364","",5,5,5,5,5,2,5,5,5,5,5,5,5,5,5,0,5,5,5,0,87
"Se3959905","",5,0,0,2,5,0,5,0,0,2.5,2.5,5,3,0,5,5,5,5,0,5,55
"S27ef7095","",0,5,5,5,5,2,5,5,5,5,5,5,2,5,5,5,5,5,5,5,89
"S298a1860","",2.5,5,0,5,5,5,5,5,5,5,2.5,5,5,2,5,5,5,5,0,0,77
"Sd0dce443","",0,5,0,2.5,5,2,5,5,5,0,5,5,5,0,0,5,5,5,0,0,59.5
"Sac085560","",2.5,5,5,5,0,0,5,5,5,5,5,5,5,5,2.5,5,5,5,5,5,85
"S385aadc1","",5,5,0,1,5,5,0,0,5,0,5,0,0,0,0,5,0,0,0,0,36
"S82e9b963","",5,5,0,4.5,5,2,5,5,0,0,5,5,2,2,5,5,5,5,5,5,75.5
"S9df88a61","",2.5,5,5,4,0,0,5,0,0,5,5,0,5,5,5,5,0,5,0,5,61.5
"S2f8ba67e","",5,5,0,4,5,2,5,0,0,5,5,5,2,2,5,5,5,5,5,0,70
"S09201a8c","",5,5,5,5,5,0,5,5,5,5,5,5,5,1,3.75,5,5,5,5,0,84.75
"S32f71104","",5,5,5,5,5,2,0,5,5,5,5,4,5,2,5,5,5,0,5,5,83
"Sa50bda51","",5,5,5,2,0,0,5,0,5,2.5,5,5,0,0,0,0,0,0,0,0,39.5
"S9c9db818","",5,5,5,5,5,2,5,5,5,5,2.5,5,2,5,5,5,5,5,5,5,91.5
"Sc7101219","",5,5,5,1.5,5,0,2.5,5,0,0,5,5,5,2,0,5,5,5,0,0,61
"Sddd6039b","",2.5,5,5,5,5,0,5,5,5,5,5,5,5,5,5,5,5,5,5,5,92.5
"Se9934863","",,,,,,,,,,,,,,,,,,,,,
"S15d76813","",5,5,5,3,5,2,0,0,5,5,0,5,5,2,5,0,0,0,0,0,52
"S3c617388","",0,2.5,0,2.5,5,0,0,5,0,2.5,2.5,0,0,0,0,0,5,0,0,0,25
"S99a2fd1c","",5,5,5,4,5,0,5,0,5,2.5,0,5,0,0,0,5,5,5,0,5,61.5
"S5320e570","",5,5,5,5,5,0,5,0,5,5,5,5,5,5,5,5,5,5,0,0,80
"S290d87ed","",5,5,0,4,5,5,2.5,5,5,5,5,5,5,5,5,5,5,0,0,5,81.5
"Sd1100f4f","",0,5,5,5,5,2,2.5,5,0,2.5,5,5,5,2,5,5,5,0,0,0,64
"Scc03abaf","",5,5,5,5,5,0,5,5,5,5,5,5,5,2,5,5,5,5,5,5,92
"Sd0840ece","",2.5,5,5,1,5,0,0,0,0,0,0,0,0,0,0,0,0,0,0,0,18.5
"Sc73b7d92","",5,5,5,5,5,0,5,5,5,5,5,5,5,5,5,5,5,5,5,5,95
"S9b26417f","",2.5,5,5,5,5,0,5,5,5,5,5,5,5,5,5,5,5,5,5,0,87.5
"S576fc809","",5,5,0,5,5,0,0,0,5,5,1.25,5,5,2,5,5,5,5,0,0,63.25
"Scb98fcbc","",5,5,5,3.5,5,0,5,5,5,2.5,5,5,5,5,5,5,5,5,5,5,91
"S3d49da09","",5,2.5,0,3,0,0,5,0,5,5,2.5,0,3,0,5,5,5,0,0,0,46
"S730b1c0d","",5,5,5,5,5,5,5,5,5,5,5,5,0,5,5,5,5,0,5,5,90
"S58ab237e","",2.5,5,0,0,0,0,0,0,0,0,2.5,0,0,0,0,0,0,0,0,0,10
"S8dc98d79","",2.5,5,5,2.5,0,0,2.5,0,5,0,1.25,5,5,0,2.5,5,5,5,5,0,56.25
"Sbd68207d","",5,5,5,5,5,3,5,5,5,5,2.5,4,5,2,5,5,5,5,5,5,91.5
"S5fbb67ef","",5,5,5,5,5,5,5,5,5,5,5,5,5,2,0,5,5,5,5,5,92
"S0baee7fa","",5,5,5,4,5,2,5,5,5,5,5,1,5,5,5,5,5,5,5,5,92
"S24c4671a","",5,2.5,0,0,0,0,0,0,0,0,0,0,0,0,0,0,0,0,0,0,7.5
"S7fb28430","",5,0,5,2,0,0,0,5,5,2.5,5,0,0,0,0,0,0,0,0,0,29.5
"S3572e90a","",5,5,0,4,5,2,0,0,5,5,2.5,5,5,2,5,5,0,5,0,0,60.5
"S0158d7ac","",5,5,5,5,5,0,5,5,5,5,2.5,0,3,0,0,0,5,0,0,5,60.5
"S2533f90e","",5,5,5,5,5,0,5,5,5,2.5,5,5,2,5,2.5,5,5,5,0,0,77
"S5a9b40a9","",5,5,5,3,5,2,0,5,5,2.5,5,5,5,2,5,5,5,0,0,0,69.5
"Sd201c643","",,,,,,,,,,,,,,,,,,,,,
"Sf3e66d83","",5,5,5,2,0,0,0,5,5,0,5,5,5,2,2.5,5,5,5,5,0,66.5
"Sf3134e53","",5,5,5,3.5,5,0,5,0,5,2.5,5,5,5,5,3.75,5,5,5,5,5,84.75
"Sbf686aad","",,,,,,,,,,,,,,,,,,,,,
"Sa2064774","",5,5,5,4,5,0,5,5,5,5,5,5,5,5,5,5,5,5,5,5,94
"Sc3f2c2db","",5,5,0,5,5,2,5,5,5,0,2.5,4,5,5,0,5,5,0,0,0,63.5
"S07b5f58d","",5,5,5,4,5,0,5,0,5,2.5,5,1,2,0,0,5,5,0,0,0,54.5
"S4aa1724a","",5,5,5,5,5,0,0,5,5,0,2.5,5,5,1,3.75,5,5,0,0,5,67.25
"S7be1b282","",5,5,5,5,5,0,0,5,0,0,5,5,0,0,5,0,5,0,0,0,50
"Sf20ee7a6","",0,2.5,5,1.5,5,0,0,0,0,5,5,5,5,2,0,5,5,5,0,0,51
"Sfd8a227d","",,,,,,,,,,,,,,,,,,,,,
"S923aac0c","",5,5,5,5,5,0,5,5,5,5,5,5,5,5,5,5,5,5,5,5,95
"Sdcc1340e","",5,5,0,5,5,5,5,5,5,2.5,5,5,5,2,5,5,5,5,5,0,84.5
"S1f938a09","",5,5,5,5,5,2,5,5,5,5,5,5,5,5,5,5,5,0,5,5,92
"Sefa43631","",5,5,0,3,5,0,0,0,0,0,5,0,0,0,0,0,5,0,5,0,33
"Sb4520766","",5,5,0,3.5,5,0,0,0,5,2.5,5,1,5,1,2.5,5,5,0,0,0,50.5
"S00769846","",5,5,0,3,0,2,5,5,5,0,5,5,5,1,5,5,5,0,0,0,61
"S5a632d09","",2.5,5,0,4,0,2,0,5,0,0,3.75,1,0,0,2.5,0,0,5,0,0,30.75
"S6ebb961c","",2.5,5,0,0,0,0,0,0,5,2.5,5,0,0,0,0,0,5,5,0,0,30
"Sabb5aedf","",5,5,5,5,5,0,5,0,5,5,2.5,5,5,2,0,5,5,5,0,0,69.5
"S76c0d142","",5,5,5,4.5,5,2,5,5,5,0,5,5,2,5,5,5,5,5,5,5,88.5
"S7192d0dc","",5,2.5,5,5,5,2,5,0,5,2.5,5,5,5,1,5,5,5,5,5,5,83
"S20f51cf5","",0,0,0,0,0,0,0,0,0,0,0,0,0,0,0,0,0,0,0,0,0
"Sc93995fa","",2.5,5,5,4,5,2,5,5,5,5,3.75,5,2,5,2.5,5,5,5,5,5,86.75
"S69b5dbb6","",5,5,0,4,0,2,5,0,5,2.5,5,5,2,1,5,5,5,0,0,5,61.5
"Se7d58e38","",5,5,5,5,5,5,5,5,5,5,2.5,5,5,5,0,5,5,5,0,5,87.5
"S29907820","",5,5,5,3.5,5,0,5,0,5,5,5,5,2,5,5,5,5,5,5,5,85.5
"S4ccf00bb","",5,5,5,3,5,0,2.5,0,0,0,0,5,0,0,0,5,0,0,0,0,35.5
"Sd1f5d2bf","",5,5,5,5,5,5,5,5,5,5,5,5,5,5,5,5,5,5,5,5,100
"Sb7be7ebd","",2.5,5,0,4,5,0,5,0,5,0,5,5,5,2,0,5,5,0,0,5,58.5
"Se232177f","",5,5,5,5,5,2,5,5,5,5,5,5,0,2,5,5,5,5,5,5,89
"S7123a46c","",5,5,5,3.5,5,5,5,5,5,5,5,5,5,5,5,5,5,5,0,5,93.5
"S177836ac","",5,5,0,4,0,0,0,0,5,0,0,5,0,0,0,0,5,0,0,0,29
"S180db6fc","",2.5,0,5,0,5,0,0,5,5,5,1.25,5,0,0,0,0,5,5,0,0,43.75
"Sa602a10f","",2.5,5,5,3,5,2,2.5,5,5,5,5,1,5,2,5,5,5,5,5,0,78
"Sa0b5a426","",,,,,,,,,,,,,,,,,,,,,
"S9a638060","",5,5,5,5,5,2,0,0,5,2.5,5,5,5,1,0,5,5,0,0,0,60.5
"Sed14fec8","",5,5,5,2.5,5,5,5,5,5,5,5,5,5,5,3.75,5,5,5,5,5,96.25
"Sb97e9367","",5,5,5,5,5,2,5,5,0,5,5,5,2,0,5,5,5,5,0,5,79
"S433625bd","",5,5,5,5,5,2,5,5,5,5,5,5,5,5,0,5,5,0,0,0,77
"S56e6008b","",5,5,0,5,5,0,5,5,0,5,5,5,5,2,2.5,5,5,5,5,0,74.5
"S0d7f16a0","",5,0,5,5,5,0,5,5,5,2.5,5,5,2,5,5,5,5,0,0,0,69.5
"S6f72d614","",5,5,5,5,5,5,5,0,5,5,5,5,5,5,5,5,5,5,5,5,95
"S3e81ab1f","",,,,,,,,,,,,,,,,,,,,,
"S5e8cfe0e","",5,5,0,5,5,0,5,5,5,5,5,5,2,5,5,0,0,5,0,0,67
"S5adb7eb2","",5,5,0,4,5,2,5,5,5,2.5,5,5,5,1,5,5,5,0,0,0,69.5
"S81f1f142","",5,5,5,5,5,0,5,0,5,5,1.25,5,5,5,5,5,5,5,5,5,86.25
"S3851fefe","",2.5,5,5,5,0,0,5,5,5,0,5,5,2,2,0,5,5,0,0,5,61.5
"S161c6fac","",5,2.5,0,1,5,0,0,5,5,2.5,5,0,5,2,5,5,5,5,0,0,58
"S77fdd6c3","",5,0,0,0,0,0,0,0,0,0,0,0,0,0,0,0,0,0,0,0,5
"S10bb3283","",5,0,5,5,5,2,5,5,5,5,5,5,5,2,5,5,5,5,5,5,89
"S1e0a63de","",5,5,0,0,5,0,0,0,5,2.5,0,5,2,2,5,0,0,0,0,0,36.5
"S42425de8","",5,5,5,1.5,5,0,5,5,5,5,2.5,0,5,0,2.5,5,5,0,5,5,71.5
"Sfc1660ae","",5,5,5,5,5,2,5,5,5,0,2.5,5,5,2,5,5,5,0,5,5,81.5
"S5fb0eba5","",5,5,5,2.5,5,2,5,5,5,0,5,5,0,0,5,5,0,5,0,0,64.5
"Sf9298cac","",5,5,5,1,5,0,0,5,5,5,5,0,5,0,2.5,5,5,5,0,0,63.5
"Sb2869dda","",,,,,,,,,,,,,,,,,,,,,
"S27bbc642","",0,5,0,3,5,0,2.5,0,0,0,2.5,5,0,1,5,0,5,0,0,0,34
"Sc9377d76","",5,5,0,5,0,0,5,5,5,2.5,2.5,5,5,5,5,0,0,0,0,0,55
"S72c3410f","",5,5,5,5,5,0,5,5,5,5,2.5,5,2,5,0,5,5,5,5,5,84.5
"S00da9364","",2.5,5,0,5,0,2,5,0,5,2.5,2.5,4,5,1,0,5,5,0,5,0,54.5
"S2d51eddf","",2.5,5,0,3.5,5,0,0,0,0,0,0,0,0,0,0,0,0,0,0,0,16
"S99284a25","",0,5,0,4,5,2,0,5,5,0,5,1,5,0,0,5,0,5,0,0,47
"S8bceeeca","",5,5,5,5,5,0,5,0,5,5,2.5,1,5,4,5,5,5,5,0,0,72.5
"Sef410052","",5,5,0,3,0,0,5,0,5,2.5,5,5,2,2,0,5,5,5,0,0,54.5
"Sf099a53f","",2.5,5,5,5,5,0,5,0,5,5,2.5,5,5,0,2.5,5,5,0,5,0,67.5
"S5d70d0f3","",0,0,0,0,0,0,0,5,5,5,5,0,5,2,5,5,5,5,0,0,47
"Seb276b96","",2.5,5,5,5,5,0,5,0,5,5,5,5,5,0,5,5,5,0,5,5,77.5
"S1bc84978","",5,5,5,5,5,2,0,5,5,5,5,5,2,2,1.25,5,5,5,5,0,77.25
"Sb2557b42","",2.5,0,0,0.5,5,0,0,5,5,0,5,5,2,2,2.5,0,0,0,0,0,34.5
"S033b642d","",2.5,5,5,4,5,2,0,0,5,2.5,5,0,0,2,5,5,5,5,0,0,58
"S6c9e70ba","",2.5,5,5,3.5,5,0,0,0,0,5,2.5,4,0,0,5,5,5,0,0,0,47.5
"Sfd101237","",,,,,,,,,,,,,,,,,,,,,
"Scd9601b5","",5,5,0,2,0,0,0,5,5,0,5,5,0,0,0,5,5,5,0,0,47
"S25288b64","",5,5,0,4,5,0,0,0,5,2.5,5,1,0,0,0,5,5,0,0,0,42.5
"Sd4d04e4a","",5,5,0,1,5,2,5,5,5,0,2.5,5,2,2,5,5,5,0,0,0,59.5
"S6b80dca7","",5,0,0,4.5,5,0,5,0,5,0,2.5,0,5,2,5,5,5,0,0,0,49
"S335f65d8","",0,5,0,5,5,2,0,5,5,0,5,4,0,2,5,5,5,0,5,0,58
"Sd0063567","",5,5,5,3.5,5,0,0,0,0,0,5,5,0,0,2.5,0,0,0,0,0,36
"Sa461744a","",5,5,0,4,5,2,5,5,5,5,5,5,5,5,5,5,5,5,5,0,86
"Sc9bcbea1","",5,5,5,4,5,5,2.5,0,5,5,5,0,5,0,5,5,5,0,5,5,76.5
"Sd3ef91cb","",2.5,0,0,0,0,0,0,0,0,0,0,0,0,0,0,0,0,0,0,0,2.5
"S43e76744","",5,5,5,5,5,5,5,5,5,5,5,5,5,2,5,5,5,0,0,5,87
"Sf9e5a170","",5,5,5,5,5,0,5,0,5,5,5,0,5,5,5,5,5,5,0,5,80
"Sfb554dd8","",5,2.5,5,3.5,5,2,5,0,5,5,5,5,5,5,5,5,5,5,5,5,88
"S21c81b74","",5,2.5,5,2.5,5,2,5,5,5,5,5,1,2,0,5,5,5,5,0,0,70
"Sc2908694","",5,5,5,5,5,0,5,0,5,5,5,0,5,5,2.5,0,5,0,0,0,62.5
"S7740580f","",5,5,5,5,0,2,5,5,5,5,5,5,5,5,5,5,5,5,5,5,92
"S53c8a985","",5,5,5,4,5,0,5,5,5,2.5,5,5,5,5,2.5,5,5,0,0,5,79
"S14156b93","",5,0,5,5,5,0,2.5,5,5,5,5,4,5,5,5,5,5,5,0,0,76.5
"Sa52f640d","",2.5,2.5,5,4,5,2,5,5,5,2.5,5,5,5,5,2.5,5,5,0,5,0,76
"Sed53d021","",,,,,,,,,,,,,,,,,,,,,
"S87e67346","",2.5,5,5,5,5,5,5,5,5,0,5,1,5,5,2.5,5,5,5,0,5,81
"S538116b3","",5,5,5,5,5,2,5,5,5,0,2.5,5,5,5,5,5,5,5,0,5,84.5
"Sa00ce5b7","",,,,,,,,,,,,,,,,,,,,,
"S0b538858","",2.5,5,5,4,5,5,5,5,5,2.5,5,5,5,5,0,5,5,5,5,0,84
"Sb832e883","",5,5,5,5,5,5,5,5,5,5,2.5,5,5,5,5,5,5,5,5,5,97.5
"Sa3abeedf","",5,5,5,4,5,0,5,0,5,0,5,0,0,0,0,0,0,0,0,0,39
"S0ac4efc7","",5,5,5,2,5,0,5,0,5,5,5,5,0,0,5,5,5,5,0,0,67
"S80cbe631","",2.5,5,0,5,0,0,0,0,5,0,5,1,5,1,0,5,5,5,0,0,44.5
"Sdcdd9674","",5,5,5,4,5,0,5,5,5,5,5,5,5,5,5,5,5,5,5,5,94
"S48ec9784","",5,5,5,5,5,5,5,5,5,5,5,5,5,2,0,0,0,0,0,0,67
"Sce548727","",2.5,5,0,2,5,0,0,0,0,0,5,5,0,2,5,5,5,5,0,0,46.5
"S05439377","",2.5,5,0,3.5,5,0,0,5,5,0,5,5,5,5,2.5,5,5,5,5,0,68.5
"S1d4bcccf","",5,5,5,4.5,5,2,5,0,5,2.5,5,5,5,0,5,5,5,5,5,0,79
"Sf14fee91","",2.5,5,5,5,5,0,2.5,0,0,5,2.5,5,5,2,5,5,5,0,0,0,59.5
"S69ccf436","",5,2.5,0,2.5,5,0,2.5,5,0,5,0,5,0,0,5,5,5,5,0,0,52.5
"Scf06f5f8","",2.5,5,0,2.5,5,5,5,5,5,0,5,5,5,2,5,5,5,0,5,0,72
"Sc5d85efb","",5,5,5,5,5,2,5,5,5,5,5,5,5,2,5,5,5,5,5,0,89
"Sdcd77e67","",,,,,,,,,,,,,,,,,,,,,
"Sc0b5aff0","",5,5,0,3,5,0,5,5,5,2.5,5,5,5,2,5,5,5,5,0,0,72.5
"Sd6da95da","",5,5,5,5,5,0,0,5,5,2.5,5,5,5,5,5,5,5,5,0,5,82.5
"S38d20808","",,,,,,,,,,,,,,,,,,,,,
"Sbf7a2f7b","",5,5,5,2,5,0,5,0,5,5,5,5,5,5,5,5,5,5,5,5,87
"S1217ac04","",5,5,0,2,5,5,5,5,5,2.5,5,5,5,2,5,5,5,5,0,0,76.5
"S7a4ec93b","",2.5,5,0,3.5,5,0,5,5,5,5,2.5,5,5,2,5,5,5,5,0,0,70.5
"Sc2c78928","",5,5,5,0,5,5,5,5,0,5,5,0,2,0,0,5,5,5,0,0,62
"S9f08f1d4","",5,2.5,0,2,5,5,5,5,5,5,2.5,5,5,2,5,5,5,0,5,0,74
"Sb16c4fdf","",5,5,5,4,0,5,5,5,5,0,5,5,0,2,5,5,5,5,0,0,71
"Sf4828720","",5,5,0,5,5,0,5,5,5,2.5,5,5,5,2,1.25,5,5,5,0,0,70.75
"Sf0840af8","",5,0,0,3,5,2,5,5,5,2.5,5,5,5,2,5,5,5,5,5,5,79.5
"S3fc7e79d","",,,,,,,,,,,,,,,,,,,,,
"S364c1210","",5,5,5,4,5,0,5,0,5,5,5,5,5,5,5,5,5,5,5,5,89
"S3f41aad8","",5,0,0,2,5,2,0,0,5,5,5,5,5,2,5,5,5,5,0,5,66
"S05b1a055","",5,5,0,3,5,0,0,5,5,0,1.25,0,0,0,3.75,5,0,0,0,0,38
"S9036aa31","",2.5,5,0,2,5,2,0,0,5,0,0,5,5,2,3.75,5,5,5,0,0,52.25
"Sd8c3a9fe","",2.5,5,5,5,5,0,0,5,5,2.5,2.5,5,5,1,5,5,5,5,0,0,68.5
"Sd5edf07a","",5,5,0,4,0,0,0,5,5,2.5,1.25,0,5,2,5,5,5,0,0,0,49.75
"S1b190b81","",0,0,5,4,5,2,0,0,5,2.5,1.25,5,2,5,5,5,5,5,0,0,56.75
"Sa18ebee8","",5,5,0,2.5,5,5,0,0,5,5,1.25,5,5,2,5,5,5,5,5,0,70.75
"Scd9303b7","",5,5,5,4.5,5,2,5,0,5,5,5,5,5,2,0,5,5,5,0,0,73.5
"S39a5c936","",5,0,5,4,5,0,5,5,5,0,5,5,5,2,0,5,5,5,0,5,71
"S76ad10ca","",5,5,5,4,5,0,5,0,5,5,5,4,5,0,5,5,5,5,5,5,83
"S61cbb268","",0,5,0,4,5,0,2.5,0,5,0,5,5,0,2,5,0,5,5,5,5,58.5
"Sd6535b6a","",5,0,5,5,5,0,0,0,0,0,2.5,5,5,2,0,0,5,0,5,0,44.5
"S3fc14c43","",5,5,5,5,5,5,5,5,5,5,5,5,0,5,5,5,5,5,5,5,95
"Sc9b871fc","",5,5,0,5,5,2,5,5,5,0,1.25,5,5,2,0,5,5,5,0,0,65.25
"S2cb3402b","",5,5,0,5,5,0,5,0,5,2.5,5,0,0,2,5,0,5,0,0,0,49.5
"S8809b52f","",5,0,0,5,5,0,0,0,5,2.5,2.5,0,0,0,0,0,0,0,0,0,25
"S4c693cff","",5,5,0,5,5,0,0,5,5,0,5,5,5,2,0,5,5,5,5,0,67
"S9bf313ae","",5,0,5,2,5,0,5,0,5,5,5,5,5,2,5,5,5,5,0,0,69
"S3db2d1b7","",5,5,0,3,5,0,0,0,5,0,5,1,5,2,3.75,5,5,0,0,0,49.75
"S3d1289ef","",5,5,0,3.5,5,2,2.5,0,5,5,5,5,5,5,5,5,5,5,5,0,78
"Sf5bd52b3","",5,5,5,4,5,5,0,5,5,0,5,5,5,2,0,5,5,5,0,0,71
"S25ef9343","",,,,,,,,,,,,,,,,,,,,,
"Sd02d08ce","",2.5,5,5,3.5,5,2,5,5,5,2.5,2.5,1,2,5,2.5,5,5,0,5,0,68.5
"S50e1a3da","",0,5,0,0,5,0,0,5,5,2.5,5,4,2,2,2.5,0,5,0,0,5,48
"S8bcb4aee","",5,5,0,3,5,0,0,5,5,0,5,5,2,2,5,5,5,5,5,0,67
"S35a37486","",2.5,5,5,3,5,0,0,0,5,5,5,5,5,0,0,5,5,5,0,0,60.5
"Sda1c990e","",5,5,0,3,5,5,5,0,5,0,5,5,5,2,0,5,5,5,5,5,75
"S259007aa","",5,5,5,5,5,2,5,0,5,0,2.5,5,5,0,3.75,5,5,0,5,0,68.25
"Sbc692bf2","",5,5,0,5,5,2,5,5,5,2.5,3.75,5,5,5,5,5,5,5,5,0,83.25
"Sfc57e599","",5,5,5,5,5,5,5,0,5,2.5,5,5,5,5,5,5,5,5,5,5,92.5
"Se9b2521b","",5,5,5,0,0,0,0,0,0,0,0,0,0,0,0,0,0,0,0,0,15
"S8de8ee52","",,,,,,,,,,,,,,,,,,,,,
"S25971758","",5,5,5,3.5,5,0,5,0,5,2.5,5,4,0,0,5,5,5,0,0,5,65
"S50449f44","",2.5,5,5,2,0,0,5,0,0,0,5,1,2,0,0,5,0,0,5,0,37.5
"S6e642cde","",5,5,0,4,0,0,5,5,5,2.5,5,5,5,2,5,5,5,0,0,0,63.5
"S0bd94632","",5,5,0,3,5,0,0,5,5,5,5,5,2,0,0,5,5,5,5,5,70
"Sa752deb7","",5,5,5,5,5,2,5,5,5,2.5,2.5,5,5,2,5,5,5,5,0,0,79
"S0bfd271b","",5,5,0,5,5,5,5,5,5,5,5,5,5,5,5,5,5,5,5,0,90
"Sad72639f","",5,5,5,2,5,5,5,5,0,5,5,5,2,2,2.5,5,5,5,0,0,73.5
"S0acfbcf8","",5,5,5,5,5,2,5,5,5,5,5,5,5,5,3.75,5,5,5,5,0,90.75
"S03b7c17b","",5,5,5,4,5,2,5,5,5,0,0,4,3,5,5,5,5,5,5,5,83
"S710899c5","",5,5,0,5,5,5,0,0,5,2.5,5,5,5,5,5,0,5,5,0,5,72.5
"S2a340ac1","",5,2.5,5,1,5,0,0,5,5,2.5,5,0,3,0,0,5,5,5,0,0,54
"Sad9effa0","",5,5,0,3,0,0,0,0,0,5,2.5,5,3,0,5,5,5,5,0,5,53.5
"Sa99e6f37","",5,5,0,4,5,2,5,0,5,5,5,5,5,5,5,5,5,5,5,5,86
"S72ddee12","",5,5,0,3.5,5,0,0,0,5,2.5,5,5,5,0,0,5,5,0,0,0,51
"S35d5c764","",5,5,0,5,5,2,5,5,5,5,2.5,5,5,2,0,5,5,5,5,0,76.5
"S50bced73","",5,5,5,4,5,0,0,5,5,2.5,5,5,5,0,5,5,5,5,5,0,76.5
"S37a15ad5","",5,5,0,2,5,5,5,5,5,2.5,2.5,5,5,2,5,5,5,5,0,5,79
"S16ca4bd4","",5,5,0,5,5,2,0,5,5,0,5,0,2,2,0,0,0,0,0,0,41
"Sf53fd0ab","",5,5,5,3,0,0,0,5,5,2.5,5,5,0,2,5,5,5,0,5,0,62.5
"S73a51568","",0,5,0,1,5,5,2.5,0,5,2.5,5,5,5,0,2.5,5,5,5,5,0,63.5
"Scd108c12","",5,5,5,3.5,5,2,5,0,5,0,5,5,0,0,5,5,5,5,0,0,65.5
"S7f64d63b","",5,5,0,3,5,0,5,0,5,0,2.5,1,5,2,1.25,0,5,0,0,0,44.75
"S0d523646","",5,5,5,5,0,5,5,5,5,5,5,0,5,2,0,5,5,5,5,0,77
"S24a9cf76","",5,5,5,4,5,2,5,5,5,2.5,5,4,5,0,0,5,5,5,0,5,77.5
"Sf2036934","",2.5,5,0,3,5,2,5,0,0,0,2.5,5,3,1,2.5,5,5,0,0,0,46.5
"S2160b6ef","",,,,,,,,,,,,,,,,,,,,,
"Sec3bd57b","",5,5,5,5,5,0,0,0,5,5,5,5,5,1,5,5,5,5,5,0,76
"S86b6a5f8","",2.5,2.5,5,3.5,5,5,5,5,5,5,5,5,5,0,1.25,5,5,5,0,5,79.75
"S9274650c","",5,5,0,3.5,0,5,2.5,5,5,2.5,5,5,0,0,5,5,5,5,0,0,63.5
"S60331918","",5,5,0,5,5,5,0,0,5,5,5,5,5,2,0,5,5,5,0,0,67
"Sb5ccfe43","",5,5,5,5,5,0,5,5,5,5,5,5,0,3,5,5,5,5,0,0,78
"S1d99e828","",,,,,,,,,,,,,,,,,,,,,
"S1c8b1d5d","",5,0,5,5,5,0,0,5,0,5,5,5,3,2,5,5,5,5,5,0,70
"S470adfe0","",5,5,5,5,5,5,5,5,5,5,5,5,5,5,0,5,5,5,5,5,95
"S35f6765d","",5,5,0,2.5,0,5,0,0,5,0,5,5,5,1,3.75,5,5,5,0,0,57.25
"Sa878b42f","",5,5,5,3,5,0,0,0,5,2.5,2.5,0,0,0,0,5,5,0,0,0,43
"S48d23feb","",5,5,5,3,5,2,0,0,5,5,5,5,5,2,5,5,5,5,5,0,77
"S2dfe29e5","",2.5,2.5,0,4,5,0,0,5,5,5,5,1,2,0,2.5,5,5,5,0,0,54.5
"Se8932895","",5,5,5,2,0,0,5,0,5,2.5,5,5,5,2,2.5,0,0,0,0,0,49
"S8bc5a262","",5,5,5,4,5,2,5,5,5,2.5,2.5,5,5,0,5,5,5,5,0,0,76
"S4675f48a","",5,5,5,5,5,0,5,5,5,5,5,5,5,5,5,5,5,5,5,5,95
"S15def6a9","",5,5,0,1,5,0,0,5,0,0,1.25,5,0,0,0,0,0,5,0,0,32.25
"S79b0e581","",5,0,5,2.5,0,0,0,5,5,2.5,0,5,5,0,0,0,5,0,0,0,40
"Sc7fcc393","",,,,,,,,,,,,,,,,,,,,,
"S8c00bb02","",,,,,,,,,,,,,,,,,,,,,
"S103685ff","",5,5,5,5,5,0,5,5,5,5,5,5,5,5,5,5,5,5,5,0,90
"S5bba8396","",2.5,5,0,0,5,0,5,0,5,5,5,5,2,1,5,5,5,0,0,0,55.5
"Saea31bf7","",5,5,0,3,0,2,5,5,5,0,2.5,5,2,2,1.25,5,5,5,0,0,57.75
"Se2f2c0df","",5,5,5,4.5,5,2,5,0,5,5,3.75,1,5,5,0,5,5,5,5,0,76.25
"S981ac171","",5,5,0,2,5,2,5,5,0,5,5,5,5,2,0,0,0,0,0,0,51
"Sf11cee92","",0,5,0,3,5,0,0,0,0,0,0,0,5,0,1.25,0,5,0,5,0,29.25
"S86605ef5","",5,0,0,0,0,0,0,0,0,0,0,0,0,0,0,0,0,0,0,0,5
"S704cd700","",5,0,5,4,5,2,5,5,5,2.5,5,5,2,5,5,5,5,5,5,0,80.5
"S26adfc6a","",5,5,5,5,5,0,5,5,5,5,5,5,0,4,0,5,5,0,0,5,74
"Sa4b23bd4","",5,0,0,0,0,0,0,0,0,0,0,0,0,0,0,0,0,0,0,0,5
"S9ee7b476","",5,5,5,5,5,0,0,5,5,5,5,4,5,2,0,0,0,0,0,0,56
"S9815eb82","",5,5,5,5,5,0,2.5,5,5,5,1.25,5,5,5,5,5,5,5,5,0,83.75
"Saa9848e9","",2.5,5,5,3,0,0,5,0,5,2.5,5,5,2,0,3.75,5,5,5,0,0,58.75
"S4a69e998","",0,0,0,0,0,0,0,0,0,0,0,0,0,0,0,0,0,0,0,0,0
"Sffd380bd","",2.5,5,0,4,5,2,0,5,5,0,5,5,5,5,5,5,5,5,0,0,68.5
"S285f2a47","",5,5,5,1,5,0,2.5,5,5,0,5,5,5,2,5,5,5,5,0,5,75.5
"S8ccd84f4","",5,5,5,5,5,0,5,5,5,5,5,5,5,2,5,5,5,0,5,5,87
"S106fb29a","",5,0,5,5,5,5,5,0,5,5,5,5,2,5,0,0,5,0,0,0,62
"S54cec1b9","",5,0,5,4,5,2,0,0,5,5,5,5,5,0,0,5,5,5,5,5,71
"Sd845e4bb","",5,5,5,4,5,5,5,0,5,5,3.75,5,5,5,5,5,5,5,5,0,87.75
"S743c4f1c","",5,0,5,3,0,0,0,5,5,2.5,2.5,5,5,2,5,5,5,5,0,5,65
"S2d8604f8","",2.5,5,5,5,0,0,0,5,5,2.5,5,5,5,2,5,0,5,5,0,5,67
"S4c41018c","",5,5,5,4,5,0,5,0,5,2.5,5,5,5,1,5,5,5,5,0,5,77.5
"Sbced7447","",0,5,5,4,5,2,5,5,5,5,5,5,2,1,5,5,5,5,5,0,79
"Sc1cf991f","",5,5,5,5,5,0,5,5,5,5,2.5,0,5,2,5,5,5,5,5,0,79.5
"S3944db9b","",5,0,0,2.5,5,0,0,0,5,2.5,2.5,0,0,2,5,5,5,5,0,0,44.5
"S6e94745f","",,,,,,,,,,,,,,,,,,,,,
"S5019d1ed","",5,5,5,5,5,2,5,5,5,5,5,5,2,5,5,5,5,5,5,0,89
"Sda224712","",5,5,0,2,0,0,0,0,0,2.5,1.25,5,2,2,5,0,0,5,0,0,34.75
"S126f4edb","",5,2.5,0,0,0,0,2.5,0,0,2.5,1.25,5,5,0,5,0,0,0,0,0,28.75
"S1fa99b48","",5,5,0,5,0,5,5,5,5,5,2.5,5,5,0,0,0,5,5,0,0,62.5
"Sdfd4ed2a","",5,5,5,4,5,5,5,5,5,5,5,5,5,5,0,5,5,5,5,5,94
"S2ae5ee1e","",5,5,5,4,5,2,0,5,5,0,2.5,5,5,1,5,5,5,0,5,5,74.5
"Sc9cb1f69","",5,5,5,5,5,3,5,0,5,0,5,4,2,0,2.5,5,5,0,0,5,66.5
"S3d444b0c","",5,5,0,4,0,0,5,5,5,5,0,5,5,5,5,5,0,5,0,5,69
"S8a342e19","",5,5,5,1.5,5,2,5,0,5,5,5,1,5,2,5,5,5,5,0,5,76.5
"Sfd596de3","",2.5,5,0,4,5,0,5,5,5,2.5,2.5,1,2,4,5,5,5,5,0,5,68.5
"Sddacf3b4","",5,5,5,3,0,0,5,5,5,0,2.5,5,5,2,0,0,0,0,0,0,47.5
"S7bc0a8fa","",5,5,5,4,0,5,5,5,5,5,5,0,5,0,5,5,5,5,5,5,84
"S53f5cef2","",2.5,5,0,5,5,2,5,0,5,5,5,5,5,2,5,5,5,5,0,0,71.5
"S38032c35","",5,5,5,2,5,0,5,0,0,0,5,0,0,0,0,0,0,0,0,0,32
"Sef909dde","",5,5,5,3,0,0,0,0,5,5,0,0,0,0,5,0,5,0,0,0,38
"Sa8525b4e","",5,5,5,5,5,2,5,5,5,5,2.5,5,0,0,0,5,5,5,0,0,69.5
"Se26e32af","",5,2.5,5,4.5,5,2,2.5,0,5,5,2.5,5,5,2,5,5,5,0,5,0,71
"Sc9733581","",5,5,5,5,5,5,5,5,5,5,5,5,5,5,2.5,5,5,5,5,5,97.5
"Se232c80a","",2.5,5,5,3,5,5,0,5,5,5,5,5,2,5,5,5,5,5,5,5,87.5
"S5d9af885","",2.5,2.5,5,2,5,0,0,5,5,5,5,4,5,2,5,5,5,0,5,0,68
"S216376d7","",5,5,5,3,5,0,5,0,5,5,5,5,3,0,0,0,5,0,0,0,56
"Sde3db5c7","",5,5,5,5,5,5,5,5,5,5,5,5,5,5,5,5,5,5,5,5,100
"Sd84f7adb","",,,,,,,,,,,,,,,,,,,,,
"Sb768ec54","",2.5,5,5,5,5,5,5,5,5,5,5,5,5,5,5,5,5,5,5,5,97.5
"Sb7347035","",5,5,5,5,5,0,5,5,5,2.5,5,5,2,5,5,5,0,5,0,5,79.5
"Sa58c853e","",5,5,0,5,5,0,0,0,5,5,1.25,5,2,0,5,5,5,5,0,0,58.25
"Sf9d5e193","",5,5,5,4,5,0,0,0,5,5,5,5,5,5,5,5,5,5,5,5,84
"Sbd063e5a","",5,5,5,5,5,0,0,0,5,0,5,5,5,0,5,5,5,5,0,5,70
"S7ca1f9ea","",2.5,5,5,2.5,5,0,5,5,5,5,5,5,5,2,2.5,5,5,5,0,0,74.5
"Sbebe5770","",5,5,5,5,5,5,5,0,5,0,2.5,5,5,2,5,5,5,5,0,5,79.5
"S4961f69f","",5,5,5,5,5,0,5,5,0,2.5,5,1,5,2,5,0,0,0,0,0,55.5
"S4ba469ed","",5,5,0,4,5,2,5,0,5,5,0,0,5,5,3.75,5,5,5,5,0,69.75
"S23716656","",,,,,,,,,,,,,,,,,,,,,
"S5697a39b","",5,5,0,4,0,2,5,5,5,5,5,0,5,4,5,5,5,5,5,5,80
"S8bbd805f","",5,5,5,4.5,5,0,2.5,0,5,2.5,2.5,0,5,2,5,0,0,5,0,5,59
"Sb62c1b20","",0,0,0,0,0,0,0,0,0,0,0,0,0,0,0,0,0,0,0,0,0
"S8a6f1b3b","",5,5,0,4.5,5,2,5,0,5,5,5,5,5,0,2.5,5,5,0,5,5,74
"S82637709","",5,5,5,5,5,2,5,0,5,2.5,2.5,4,5,5,5,5,5,5,0,5,81
"S7d7a8567","",5,5,0,3,5,0,5,5,5,5,2.5,5,5,5,5,5,5,5,5,0,80.5
"Se04c0b39","",5,5,0,2,0,0,0,0,0,0,0,0,0,0,0,0,0,0,0,0,12
"S6eb76340","",5,5,5,5,5,0,5,0,5,2.5,5,0,5,5,5,5,5,5,0,5,77.5
"S47626539","",5,5,5,4,5,2,5,0,5,2.5,5,5,5,5,3.75,5,5,0,0,0,72.25
"S97cfbf5f","",5,5,0,3,5,2,5,5,5,5,2.5,5,5,2,5,5,5,5,5,0,79.5
"S21b2f4cc","",5,5,5,5,5,0,5,0,5,5,5,5,5,5,5,5,5,5,5,0,85
"Sab1ad354","",5,5,5,5,5,2,5,5,5,5,2.5,5,5,5,5,5,5,5,0,5,89.5
"S45403a6b","",5,5,0,3,5,0,0,5,5,5,5,5,2,2,2.5,5,5,5,5,0,69.5
"Sac03d92a","",5,5,5,5,5,0,5,0,5,5,5,0,0,0,5,5,5,5,5,0,70
"Sa32a1a6e","",,,,,,,,,,,,,,,,,,,,,
"Sf86fb65d","",5,5,0,4,5,0,0,0,5,2.5,5,0,0,0,5,5,5,5,0,0,51.5
"S31878538","",5,5,0,2,5,0,5,0,5,5,5,0,0,0,2.5,5,5,5,0,0,54.5
"Sd920b006","",5,0,5,5,5,0,0,0,5,5,5,0,0,5,2.5,5,5,0,5,0,57.5
"S11a796cb","",5,5,0,5,5,5,2.5,5,5,0,2.5,5,0,5,5,5,5,5,5,0,75
"Sf60cc3e7","",5,0,0,5,5,0,5,5,5,5,5,5,5,4,2.5,5,5,0,0,5,71.5
"Sba4467c2","",2.5,5,0,2,0,0,0,0,5,5,5,0,5,0,0,5,5,0,0,0,39.5
"Se2caa5aa","",5,5,5,5,5,2,5,5,5,2.5,5,5,5,2,5,5,5,0,0,5,81.5
"Sf348a404","",5,5,0,0,5,0,0,0,0,0,0,0,0,0,0,0,0,0,0,0,15
"S3f94277c","",5,0,5,5,5,2,5,5,5,5,2.5,5,5,5,5,5,5,5,5,5,89.5
"S972c9473","",0,0,0,0,0,0,0,0,0,0,2.5,0,0,0,0,0,0,0,0,0,2.5
"Sccba354b","",5,5,0,4,5,0,0,5,5,5,5,5,0,0,5,5,5,0,0,5,64
"Se5d77f1e","",2.5,5,0,2.5,5,0,0,0,0,0,1.25,0,5,1,3.75,5,5,5,0,0,41
"S484035a0","",5,5,5,5,5,0,0,0,5,2.5,5,5,0,0,0,5,5,5,0,5,62.5
"S9810f617","",5,5,5,5,5,2,5,5,5,5,5,5,5,5,5,5,5,5,5,5,97
"S5b85e986","",,,,,,,,,,,,,,,,,,,,,
"S18d1d391","",5,5,5,5,5,0,5,5,5,2.5,5,5,5,5,5,5,5,5,5,5,92.5
"Sf6ac5b5d","",5,5,5,3,5,0,5,0,5,0,2.5,5,5,2,5,5,5,0,0,0,62.5
"S6ba6a05e","",,,,,,,,,,,,,,,,,,,,,
"Sbfc82242","",5,5,5,3.5,5,2,5,5,0,2.5,2.5,5,5,5,5,5,5,5,5,5,85.5
"Sfeed5893","",5,5,5,5,5,5,5,5,5,5,5,5,5,5,5,5,5,5,5,5,100
"Sae83aa14","",5,5,5,1,5,0,5,5,5,5,5,0,0,0,2.5,5,0,0,0,0,53.5
"Sfcf6165a","",5,5,0,5,5,0,5,0,5,2.5,5,5,5,5,2.5,5,5,0,0,0,65
"Se26763d7","",5,5,5,4,5,2,5,5,5,5,5,0,0,0,2.5,5,5,5,0,0,68.5
"S4a1ef1e1","",,,,,,,,,,,,,,,,,,,,,
"S57df1722","",5,5,5,5,5,2,5,5,5,0,5,5,5,5,0,5,5,0,0,0,72
"S3d9afc73","",5,5,5,1.5,5,0,0,0,5,0,2.5,0,0,0,1.25,5,5,0,0,0,40.25
"S88d828a3","",2.5,0,0,2,5,0,0,5,0,2.5,5,5,5,1,2.5,5,5,0,0,0,45.5
"S3e2e6005","",5,5,5,5,5,0,5,0,5,5,5,5,5,5,5,5,5,5,0,5,85
"S22d6916f","",5,0,0,0,0,0,0,0,0,0,0,0,0,0,0,0,0,0,0,0,5
"S248dd82c","",5,5,0,3,5,2,0,5,5,5,2.5,5,2,2,5,5,5,5,5,0,71.5
"S34514196","",5,0,5,4.5,5,2,5,0,5,2.5,5,5,5,1,3.75,5,5,0,0,5,68.75
"S0c317fb4","",5,5,5,5,5,2,0,5,5,2.5,2.5,0,5,5,5,5,5,0,0,5,72
"S423bad1d","",2.5,5,5,3,5,0,5,5,5,5,5,5,2,2,0,5,5,0,5,0,69.5
"S5bccef01","",5,5,0,4.5,5,2,0,5,5,2.5,5,0,0,0,5,5,5,5,5,0,64
"S5c81934a","",5,5,5,5,5,0,5,5,5,5,5,5,5,5,5,5,5,5,5,5,95
"S2e0c3fc1","",5,5,5,5,5,0,5,0,5,5,5,5,5,5,2.5,5,5,5,0,5,82.5
"Sfb8a4eab","",5,5,5,4,5,0,2.5,5,5,5,5,4,5,5,2.5,5,5,5,0,0,78
"S02792710","",5,5,0,3,0,0,0,0,5,0,2.5,5,5,0,3.75,5,5,5,0,0,49.25
"S9893a6c7","",,,,,,,,,,,,,,,,,,,,,
"S02f4e93f","",5,0,5,5,5,5,5,5,5,2.5,5,5,5,1,5,5,5,5,0,0,78.5
"Sd9a6e2d4","",5,5,0,0,0,0,0,5,5,0,5,5,5,0,2.5,5,0,5,0,0,47.5
"S432e97ef","",5,5,5,5,5,5,0,0,5,2.5,5,5,5,2,5,5,5,5,0,0,74.5
"S2f77a2a5","",5,5,0,4,5,0,0,5,5,0,5,5,0,2,3.75,5,5,0,0,0,54.75
"S2178dbc8","",2.5,0,0,5,5,0,2.5,5,5,5,5,5,5,5,5,5,5,5,5,0,75
"S99decf09","",5,5,5,3.5,5,0,5,5,0,5,5,5,5,5,5,5,5,5,5,0,83.5
"S49fb0917","",5,5,0,2,5,2,0,5,5,0,5,5,5,2,0,5,5,0,0,0,56
"S80d973b2","",2.5,5,0,3.5,5,2,5,5,5,5,5,0,5,5,5,5,5,5,5,5,83
"S6470a7f9","",,,,,,,,,,,,,,,,,,,,,
"Sc8a607a6","",0,5,5,2.5,0,0,0,0,5,5,2.5,0,0,0,3.75,5,5,0,0,5,43.75
"S092e4bb1","",5,5,5,4,5,5,5,5,5,5,5,5,5,5,5,5,5,5,5,5,99
"Se9bda79d","",0,5,5,1,0,0,5,0,5,5,5,0,0,0,5,0,0,0,0,0,36
"S077bd536","",2.5,2.5,0,3,0,0,0,0,5,0,5,4,5,2,5,5,5,5,0,0,49
"Sad6e1e90","",5,5,5,5,5,0,0,0,5,0,5,0,5,0,5,5,5,5,5,5,70
"S6662351f","",5,0,5,5,5,2,5,5,5,5,2.5,5,0,0,0,5,0,0,0,0,54.5
"S5e096ce4","",0,5,0,3.5,0,0,0,5,5,0,5,5,0,5,5,0,5,5,0,0,48.5
"Sbd775da8","",5,5,5,5,5,0,5,5,5,5,1.25,5,2,2,0,0,5,0,5,0,65.25
"S358e5460","",,,,,,,,,,,,,,,,,,,,,
"Sbc3e8d48","",5,5,5,2,5,0,5,0,5,5,5,5,3,0,5,5,5,0,0,0,65
"Sba35db45","",2.5,5,0,3,5,0,5,0,5,2.5,5,0,2,0,2.5,5,5,5,5,0,57.5
"S54981ccd","",2.5,5,0,4,5,0,0,0,0,0,0,0,0,0,0,0,0,0,0,0,16.5
"S184c2c5c","",2.5,5,5,2.5,5,2,5,5,5,5,3.75,5,0,0,5,5,5,5,5,5,80.75
"S2729650f","",5,5,5,0,5,0,0,5,5,0,5,0,0,0,3.75,5,5,5,5,0,58.75
"Scb9885ef","",5,5,5,5,5,0,5,5,5,5,2.5,5,2,0,5,5,5,0,0,0,69.5
"S2736c7af","",0,0,0,0,0,0,0,0,0,0,0,0,0,0,0,0,0,0,0,0,0
"Sf0fa93ac","",5,5,5,5,5,0,5,5,5,5,2.5,5,5,0,5,5,5,5,0,0,77.5
"S49d2e6ac","",5,5,5,0,5,0,5,5,5,0,5,5,5,2,5,5,5,5,0,0,72
"S69a7f784","",5,5,5,5,5,5,5,5,5,2.5,5,5,5,5,0,5,5,0,5,0,82.5
"S12b6f9e1","",5,5,5,5,5,0,5,5,5,5,5,5,0,5,5,5,5,5,5,5,90
"S9d5cdd86","",5,5,0,4,0,2,5,5,5,5,5,5,5,2,5,5,5,5,0,0,73
"S5642576c","",5,5,5,5,5,5,5,5,5,5,5,5,5,2,2.5,5,5,0,0,5,84.5
"Saf9690e6","",5,5,5,5,5,0,5,0,5,5,5,5,5,5,5,5,5,5,0,5,85
"Scc0f2880","",5,5,5,1,0,0,5,5,5,2.5,5,5,5,2,5,5,5,0,0,0,65.5
"Se50bc506","",5,5,5,5,5,5,5,5,5,5,5,5,5,2,5,5,5,5,0,5,92
"S497f9640","",5,5,5,5,5,5,5,5,5,5,5,5,5,5,5,5,5,5,5,5,100
"S0ee95fb6","",5,5,0,3.5,5,2,5,0,5,5,5,5,5,5,2.5,5,5,5,5,0,78
"S30ee2bf9","",2.5,2.5,0,3.5,0,0,5,5,5,2.5,5,0,3,0,5,5,5,5,5,0,59
"Sed45fc8c","",5,5,0,0,0,0,0,0,0,0,0,0,0,0,0,0,0,0,0,0,10
"Se5d5ad0c","",5,0,5,4.5,5,0,5,0,5,2.5,5,5,2,2,0,5,5,5,0,0,61
"S8f4b4a91","",5,0,5,5,5,2,5,0,5,5,2.5,1,0,0,0,5,0,0,0,0,45.5
"S68d64d31","",5,5,0,4,5,2,5,5,5,2.5,5,5,2,5,3.75,5,5,0,5,0,74.25
"Sba97285c","",,,,,,,,,,,,,,,,,,,,,
"S482e8281","",5,5,5,5,5,5,5,5,5,5,5,5,5,5,5,5,5,5,5,5,100
"S679034e9","",5,0,0,3,5,0,2.5,0,5,5,5,5,5,2,5,5,5,0,0,5,62.5
"S9c3b5b29","",5,5,0,5,5,0,5,0,5,5,5,0,5,2,5,5,5,0,0,0,62
"Sb42ce761","",5,5,5,3,5,0,5,0,5,5,5,5,5,2,5,5,5,5,5,5,85
"Sab119ffc","",5,5,5,4.5,5,0,5,0,5,5,5,5,5,2,0,5,5,5,0,5,76.5
"S03154411","",2.5,5,0,3.5,5,5,0,5,5,5,5,5,5,1,5,5,5,0,0,0,67
"Sa2b1973a","",5,5,5,5,5,5,5,5,5,0,5,0,5,1,5,5,5,5,5,0,81
"S6eb0acc7","",5,5,5,5,5,5,5,0,5,2.5,5,5,5,2,5,5,5,0,5,0,79.5
"S66029196","",5,5,5,3.5,5,2,5,5,5,5,5,5,5,5,5,5,5,5,5,0,90.5
"Sb469c4ef","",5,5,5,4,5,0,0,0,0,2.5,2.5,5,5,5,5,0,5,5,5,0,64
"S7db178ab","",5,5,5,5,5,2,5,5,5,5,5,5,5,5,5,5,5,0,0,5,87
"S21d9f77e","",5,5,5,4,5,0,5,5,5,5,1.25,5,5,2,5,5,5,5,5,5,87.25
"S0f71bbdc","",2.5,5,0,5,5,0,0,5,5,0,5,5,2,2,3.75,5,5,5,0,0,60.25
"S8872572a","",5,5,5,4,5,2,5,0,5,5,5,4,3,2,3.75,5,5,0,0,5,73.75
"S760c23eb","",5,0,5,5,5,0,5,0,5,0,5,0,2,5,5,5,5,5,0,0,62
"S453fd7d1","",0,5,0,2,5,0,5,0,5,5,5,5,2,2,2.5,5,5,0,5,0,58.5
"S6e312e05","",5,5,0,5,5,0,0,5,5,5,5,5,5,2,5,5,5,5,0,0,72
"S7e6e51fe","",5,5,0,5,0,0,0,0,5,2.5,2.5,5,5,0,5,5,5,5,5,0,60
"S8230689d","",5,5,5,3,0,0,5,5,5,5,5,5,2,4,0,5,5,5,0,5,74
"Sc2e451f5","",5,5,0,5,0,0,5,0,5,2.5,5,5,2,2,5,5,5,5,0,5,66.5
"S02d0fe65","",5,5,5,2,5,0,0,5,5,0,2.5,5,5,2,2.5,0,5,5,5,0,64
"S7776d5f6","",5,5,5,5,5,5,5,5,5,0,5,5,5,5,5,5,5,5,0,5,90
"S5c8bd25f","",5,5,5,3,0,2,0,5,5,2.5,5,5,5,2,3.75,5,5,5,0,0,68.25
"S44e93a59","",0,0,0,0,0,0,0,0,0,0,0,0,0,0,0,0,0,0,0,0,0
"S7e5e1e3d","",5,5,5,3,5,0,5,0,5,5,5,5,5,2,5,5,5,0,5,0,75
"S592e7864","",5,0,5,4,5,0,5,5,5,5,5,5,5,5,5,5,5,5,5,5,89
"S2a91365f","",5,5,5,4,5,0,0,0,0,5,5,5,5,2,0,5,0,5,0,0,56
"S02f44f19","",5,5,0,1,5,0,5,5,5,5,2.5,5,5,2,5,5,5,5,0,0,70.5
"S6bb0e517","",5,5,5,5,5,2,5,5,5,0,2.5,5,5,5,5,5,5,5,5,0,84.5
"Sadd79fe3","",0,0,0,0,0,0,0,0,0,0,0,0,0,0,0,0,0,0,0,0,0
"S5f38373f","",0,0,0,0,0,0,0,0,0,0,0,0,0,0,0,0,0,0,0,0,0
"S50cf4304","",5,5,0,4,5,2,5,5,5,2.5,2.5,5,2,2,5,5,5,0,0,0,65
"Sf532814c","",5,0,0,4,5,0,0,0,5,5,2.5,0,0,1,0,5,5,5,0,0,42.5
"Sae80aace","",5,5,0,3.5,0,0,5,0,5,2.5,1.25,0,5,2,2.5,5,5,5,0,0,51.75
"Sbe45fae8","",5,5,5,3,5,0,5,0,5,5,2.5,5,5,5,5,5,5,5,5,5,85.5
"S9dd00ea3","",5,5,5,3,5,0,5,5,5,5,5,5,5,0,5,5,5,5,5,5,88
"S233395d8","",5,5,5,5,5,0,5,0,5,5,2.5,5,5,5,5,5,5,0,5,5,82.5
"Sf185b8c6","",0,5,5,5,5,0,5,5,0,5,5,5,2,5,5,5,5,5,0,5,77
"Sa5c8d25e","",5,5,0,5,5,0,5,0,5,2.5,2.5,4,5,2,5,5,5,5,5,0,71
"S0d5b7789","",5,5,5,5,5,0,5,0,5,5,5,5,5,5,1.25,5,5,5,5,5,86.25
"S3a844ff9","",5,5,5,5,5,2,5,5,5,5,5,5,5,5,5,5,5,5,5,5,97
"Sd74d2d30","",5,5,0,5,5,2,5,5,5,5,1.25,5,5,2,5,5,5,5,5,0,80.25
"S5aa35c8f","",5,5,0,5,5,0,5,0,5,5,5,5,5,2,5,0,5,0,0,0,62
"S1bab06b8","",5,5,5,5,5,5,5,5,5,2.5,5,5,5,5,5,5,5,5,5,5,97.5
"Sa37861a3","",5,5,0,5,5,2,5,5,5,0,5,5,5,5,5,5,5,5,0,0,77
"S8038184c","",5,5,0,4,5,2,5,0,5,5,5,4,5,2,3.75,5,5,5,5,0,75.75
"Sb9767933","",5,5,5,3,0,0,5,0,5,5,5,0,0,0,0,5,5,0,0,0,48
"Se83d58a3","",5,5,5,5,0,2,0,0,5,5,5,5,5,2,5,5,5,0,5,0,69
"S4ff3e951","",2.5,5,5,5,5,0,5,0,5,2.5,2.5,5,2,2,5,0,0,0,0,0,51.5
"S82e68327","",5,5,0,5,5,2,0,5,5,2.5,5,5,5,2,5,5,5,5,0,0,71.5
"S8be70171","",5,5,5,5,5,2,5,5,5,5,5,5,5,2,5,5,5,5,5,0,89
"Se35acd50","",5,0,0,0,0,0,0,0,0,0,0,0,0,0,0,0,0,0,0,0,5
"S6bfe95a6","",5,5,5,4,5,5,5,5,5,2.5,5,5,0,5,2.5,5,5,0,5,0,79
"Sb6856473","",5,2.5,0,0,0,0,0,0,0,0,0,0,0,0,0,0,0,0,0,0,7.5
"S50c1b41f","",5,5,5,4,5,2,5,5,0,0,5,0,2,2,1.25,5,5,5,5,0,66.25
"S6837400b","",5,5,5,3,5,0,2.5,0,5,5,2.5,5,5,0,0,5,5,0,0,0,58
"S38778d27","",2.5,5,5,3.5,5,2,5,0,5,2.5,2.5,5,5,1,2.5,5,5,0,0,0,61.5
"S8df81072","",5,5,5,5,5,5,5,5,5,0,5,5,5,4,3.75,5,5,5,0,0,82.75
"Sea2472e9","",5,5,5,5,5,2,5,5,5,5,5,5,5,2,5,5,5,5,5,5,94
"Sdb7dbb5f","",5,5,5,5,5,0,5,5,0,5,5,5,2,5,5,5,5,5,0,5,82
"S4456b9f2","",5,5,5,5,5,0,5,5,5,5,5,0,2,2,5,5,5,5,0,0,74
"Sf669f7ac","",5,5,0,3,0,0,5,5,5,2.5,5,5,5,2,5,5,5,5,0,0,67.5
"S76474ecf","",5,5,5,5,5,0,5,0,5,5,5,5,5,2,5,5,5,5,0,5,82
"Se09a8647","",5,0,0,5,0,0,0,0,0,0,5,1,0,1,5,5,5,0,0,0,32
"S0ee411c6","",5,5,5,5,0,0,5,0,5,5,5,5,5,5,5,5,5,5,5,5,85
"S029f4cab","",2.5,5,5,5,5,5,5,0,5,5,5,5,2,5,5,5,5,5,5,5,89.5
"S62da0237","",5,5,5,4,0,0,5,0,5,5,5,5,2,0,5,5,5,5,0,5,71
"Sca0f84b4","",5,5,0,4,5,2,5,5,0,2.5,5,5,2,2,5,5,5,0,0,0,62.5
"S7fca66ef","",5,5,0,2,0,0,5,5,5,0,5,5,2,0,5,5,5,5,0,0,59
"S14934012","",5,5,5,5,5,2,5,5,5,0,5,5,5,5,5,5,5,0,0,5,82
"S0ffcd3d5","",0,2.5,0,0,0,0,0,0,0,5,0,0,2,1,0,0,5,0,0,0,15.5
"S7a29f017","",5,5,0,4.5,5,0,0,5,5,5,5,5,5,2,5,5,5,5,0,0,71.5
"S84dd95c9","",5,5,5,5,5,0,5,5,5,5,5,4,5,2,5,5,5,5,0,0,81
"Sd00b6480","",5,5,5,5,5,5,5,0,5,2.5,5,5,5,2,5,5,5,5,5,5,89.5
"S8dea3c40","",5,5,5,5,5,0,5,5,5,5,5,5,5,2,5,5,5,5,5,0,87
"S38bbbf6c","",5,5,5,4,5,0,5,0,5,0,1.25,5,5,1,2.5,5,5,0,5,0,63.75
"S2b063704","",2.5,5,5,5,5,2,5,0,5,5,5,5,5,5,5,5,5,0,5,5,84.5
"S3d35f78b","",5,5,5,5,5,0,5,5,5,5,5,5,2,2,0,5,5,5,5,5,84
"S440e537f","",5,5,5,5,5,0,5,0,5,2.5,5,0,5,0,0,0,0,0,0,0,47.5
"S94220bdb","",2.5,5,5,3.5,5,0,0,0,0,0,0,0,0,0,0,0,0,0,0,0,21
"S26ae23c5","",5,5,5,5,5,5,5,0,5,5,5,5,5,5,5,5,5,5,5,5,95
"S0734a83a","",5,5,5,2,5,0,2.5,0,5,2.5,5,0,3,2,2.5,5,5,0,5,5,64.5
"S45313f5d","",0,0,0,0,0,0,0,0,0,0,0,0,0,0,0,0,0,0,0,0,0
"S9c630815","",5,5,5,4,5,2,5,5,5,5,5,1,5,1,5,5,5,5,0,0,78
"Scdea2c37","",5,5,5,5,5,5,5,5,5,5,5,5,5,5,5,5,5,5,5,5,100
"S71de727f","",5,5,5,5,5,5,5,5,5,0,5,5,5,5,0,5,0,5,5,0,80
"S309b98c1","",5,5,5,5,5,5,5,5,5,5,5,5,0,5,5,5,5,5,5,5,95
"S2e3ebd87","",5,0,5,1,0,0,0,0,0,0,1.25,0,0,0,1.25,0,0,0,0,0,13.5
"S1326e848","",2.5,5,5,5,5,2,5,5,5,5,5,5,5,5,5,5,5,5,5,5,94.5
"S39b9b439","",0,0,0,4,5,5,5,5,0,0,0,5,5,2,5,5,0,5,5,0,56
"Sc3db5b13","",5,5,5,3.5,5,2,0,5,5,5,5,5,5,5,5,5,5,5,5,5,90.5
"Scbe6dc59","",2.5,5,5,5,5,2,5,5,5,5,5,5,5,2,5,5,5,5,0,5,86.5
"Sd8e3d8ff","",5,0,5,5,5,0,0,5,5,5,2.5,5,5,2,5,5,5,0,0,0,64.5
"S5a292474","",0,5,0,2,0,2,0,0,0,0,0,0,0,1,0,0,5,0,0,0,15
"S08ef2e2f","",5,5,0,5,5,2,5,5,5,5,2.5,5,5,0,3.75,5,5,5,0,5,78.25
"S4d791b98","",5,5,5,5,0,5,0,5,5,5,5,5,5,5,5,5,5,5,5,0,85
"Sb2c2319e","",5,2.5,0,3,0,0,2.5,0,0,0,0,0,0,0,1.25,0,5,0,0,0,19.25
"Sde838260","",0,0,0,0,0,0,0,0,0,0,0,0,0,0,0,0,0,0,0,0,0
"S95697f5a","",5,5,5,5,5,0,2.5,5,5,2.5,5,5,5,2,5,5,5,5,5,0,82
"S9a37b4d0","",5,5,0,1,5,2,0,0,5,0,5,4,2,0,0,5,5,5,0,0,49
"S029d389f","",5,5,0,3.5,5,2,5,5,0,5,1.25,5,5,1,5,5,5,0,0,0,62.75
"Sff55ab3c","",2.5,5,0,3,0,2,5,5,5,0,1.25,5,2,2,2.5,5,5,0,0,0,50.25
"Sf13267a8","",0,0,0,0,0,0,0,0,0,0,0,0,0,0,0,0,0,0,0,0,0
"Sdf96a705","",5,5,5,4,0,2,5,0,5,2.5,5,5,5,0,5,0,5,0,0,5,63.5
"S9404a857","",5,5,0,4,0,2,5,0,5,2.5,5,0,0,2,5,5,5,0,5,0,55.5
"Seaa620a4","",5,5,0,5,5,0,5,5,5,5,5,5,2,5,5,5,5,5,5,0,82
"S7def36d8","",5,5,0,2,5,0,5,5,5,2.5,5,5,2,5,5,5,5,5,0,0,71.5
"S37999986","",5,5,5,5,5,2,2.5,5,5,2.5,5,5,2,2,5,5,5,5,5,0,81
"S2ce9c105","",5,0,0,3,5,2,5,5,5,2.5,5,5,5,2,5,5,5,5,5,0,74.5
"S0840c164","",,,,,,,,,,,,,,,,,,,,,
"S41e1593f","",5,0,5,4,5,2,5,5,5,5,2.5,5,2,5,5,5,5,0,5,0,75.5
"S43338199","",5,5,0,2,5,2,0,0,0,5,2.5,0,0,0,5,5,5,5,0,0,46.5
"S8e78c358","",5,5,5,4,5,0,0,0,5,0,0,5,2,1,2.5,0,5,0,5,0,49.5
"S7dea2b4d","",,,,,,,,,,,,,,,,,,,,,
"S04584109","",5,2.5,0,5,0,0,5,0,5,0,5,0,0,0,0,5,5,5,0,0,42.5
"Sf4d08a9e","",0,0,0,0,0,0,0,0,0,0,0,0,0,0,0,0,0,0,0,0,0
"Saa7b97c1","",2.5,0,5,4,0,2,5,5,5,2.5,2.5,5,5,0,0,0,5,0,0,0,48.5
"S75ab51d0","",5,5,0,2.5,5,5,5,0,5,2.5,5,5,5,2,3.75,5,5,5,5,0,75.75
"S164caf97","",0,5,0,1,5,0,0,0,5,5,5,0,2,0,0,5,0,5,0,0,38
"S90519c3d","",5,5,5,4,0,0,0,0,0,2.5,2.5,5,5,2,5,5,0,0,0,0,46
"Sc5f6d8e1","",5,0,0,4,5,0,2.5,0,5,0,5,0,0,0,2.5,5,5,0,5,0,44
"Sc9a475a0","",2.5,5,0,3,5,0,5,0,5,5,5,5,5,5,5,5,5,5,5,5,80.5
"S96b08ba2","",2.5,5,0,5,5,0,2.5,5,0,5,0,5,2,3,5,5,5,5,5,5,70
"S448cd167","",5,5,0,2.5,5,2,2.5,5,5,5,5,5,5,2,5,5,5,5,5,0,79
"S09a597f1","",5,5,0,5,5,5,5,5,5,5,5,5,5,2,5,5,5,5,5,0,87
"Sab9b5196","",,,,,,,,,,,,,,,,,,,,,
"S2ee82f6e","",5,5,0,2.5,5,5,5,5,5,2.5,5,5,2,2,0,5,5,5,0,0,69
"S1a34f220","",5,5,0,5,5,0,5,5,5,0,2.5,5,5,2,5,5,5,5,5,5,79.5
"Sc049745e","",5,5,5,5,5,5,5,5,5,5,5,5,5,5,5,5,5,5,5,5,100
"Se06b0c0e","",5,0,0,5,0,2,5,0,5,5,5,5,3,5,5,0,5,0,0,0,55
"Sc4d31461","",5,5,0,4.5,5,0,5,5,5,5,2.5,5,5,5,5,5,5,0,0,0,72
"S343303eb","",5,5,5,4,0,0,5,0,5,2.5,2.5,5,5,5,5,5,5,5,5,5,79
"S48e4ad85","",5,5,5,5,5,5,5,5,5,5,5,5,5,5,5,5,5,5,5,5,100
"Se844b7c1","",5,5,5,3,0,2,0,0,5,2.5,3.75,5,5,4,5,5,5,5,5,0,70.25
"Sa3dd5d3d","",5,5,5,3.5,5,0,5,5,0,5,5,5,2,5,5,5,5,5,5,0,80.5
"S616e8ef6","",5,5,0,4,5,0,0,0,5,5,5,5,0,0,1.25,5,5,0,0,0,50.25
"S40a8ffac","",5,0,5,0,0,0,0,0,0,0,2.5,0,0,0,0,0,0,0,0,0,12.5
"S74c6304c","",5,5,5,5,5,2,5,5,5,5,5,5,5,2,0,5,5,5,5,0,84
"S29a091c5","",5,0,0,4,5,0,2.5,0,5,0,5,5,0,5,2.5,5,5,5,5,5,64
"S1900482f","",5,5,0,5,5,0,5,5,5,5,5,5,5,5,5,5,5,5,0,0,80
"S29e957a0","",2.5,0,5,5,5,5,5,5,5,2.5,5,5,2,5,5,5,5,0,5,0,77
"Sb16b39e9","",5,5,0,5,5,5,5,5,5,5,2.5,1,5,5,3.75,5,5,5,0,5,82.25
"Sd1e0310a","",5,5,5,3,0,2,5,0,5,2.5,5,1,2,5,2.5,5,5,5,0,0,63
"S1932ca69","",5,5,5,5,5,0,5,0,5,5,5,5,5,5,5,5,5,5,5,5,90
"Seb6b7fa4","",5,5,5,4,5,0,5,5,5,2.5,5,5,2,5,5,5,5,5,5,0,83.5
"S94d4e833","",5,5,5,2,5,0,5,5,5,5,5,5,5,1,5,5,5,5,5,0,83
"S3a70bee1","",5,0,5,5,5,2,5,0,5,5,5,5,2,5,5,5,5,5,5,5,84
"S7e15cab8","",5,5,5,5,5,5,5,0,5,5,5,5,5,5,5,5,5,5,0,0,85
"S701f17e1","",5,5,5,0.5,0,0,5,5,5,2.5,5,5,0,1,1.25,5,5,5,0,0,60.25
"S4396cb74","",5,0,0,2,5,0,0,5,0,0,5,0,0,0,0,0,0,5,0,0,27
"S7af8b2ee","",5,0,0,2,5,0,0,5,0,5,5,1,5,1,5,5,5,0,0,0,49
"Se5012d15","",5,5,5,5,5,2,5,5,5,5,5,4,5,2,5,5,5,0,0,0,78
"Se5e0597c","",5,5,5,2,0,0,0,0,0,0,1.25,5,0,0,0,0,5,0,0,0,28.25
"S7269fe64","",5,5,5,5,5,5,5,0,5,5,5,5,5,5,5,5,5,5,0,0,85
"S21934892","",5,2.5,0,2.5,5,0,5,5,5,0,5,5,5,5,0,5,5,5,0,0,65
"S65c0d7e6","",5,5,5,5,5,5,5,5,5,5,5,5,5,5,5,5,5,5,5,5,100
"Se93a4e63","",5,5,5,5,5,5,5,5,5,5,5,5,5,5,5,5,5,5,5,5,100
"S2e379a8c","",5,5,5,5,5,5,5,5,5,5,2.5,5,5,5,5,5,5,5,5,5,97.5
"Sf6914579","",5,5,5,5,5,0,5,5,5,5,5,5,5,5,5,5,5,5,5,5,95
"S76a91f75","",5,5,5,5,5,5,5,0,5,5,5,5,3,0,0,0,5,5,5,0,73
"Sdac38aca","",5,5,5,5,5,5,5,5,5,5,5,5,5,5,3.75,5,5,5,0,5,93.75
"S36ce29b9","",5,5,5,5,5,2,5,5,5,2.5,5,5,5,5,2.5,5,5,5,5,0,87
"S56665081","",2.5,5,5,4,5,0,0,5,0,2.5,5,5,5,2,3.75,5,5,5,0,0,64.75
"S14ace5c0","",0,5,0,5,0,0,5,0,0,2.5,5,5,3,0,5,5,5,5,0,0,50.5
"S645a875a","",5,5,0,3,5,2,0,0,5,5,2.5,0,5,2,5,0,5,0,5,0,54.5
"S3c2a256a","",,,,,,,,,,,,,,,,,,,,,
"Sd4f12d61","",5,0,0,5,5,0,2.5,5,5,2.5,5,5,5,2,5,5,5,5,0,0,67
"Sc8aded28","",5,5,5,5,5,5,5,5,5,5,2.5,0,0,2,5,5,5,5,0,5,79.5
"Saf16795d","",5,5,0,5,5,2,0,5,5,5,5,5,5,2,5,5,5,0,0,0,69
"S086022a5","",5,0,0,5,5,5,5,5,5,2.5,5,5,2,1,5,5,5,5,0,5,75.5
"Sea57aaed","",2.5,5,0,2,5,2,5,5,5,2.5,2.5,5,0,0,3.75,5,0,0,0,0,50.25
"S62a5ef8d","",5,0,0,4,5,0,0,5,5,0,1.25,0,5,2,3.75,5,5,5,0,0,51
"S0510f5b0","",5,5,0,2,5,2,0,0,5,0,5,5,5,2,5,5,5,5,0,0,61
"Sa611e644","",5,5,0,3,5,2,5,5,5,0,5,0,5,1,5,5,5,0,0,0,61
"S4dd9e5e6","",2.5,5,5,3,5,0,2.5,5,5,2.5,5,5,5,0,5,5,5,5,0,0,70.5
"S90ccb3a5","",2.5,5,5,2,5,0,5,0,0,2.5,2.5,5,0,0,0,5,5,5,0,0,49.5
"S62ac7137","",5,2.5,0,0,0,0,5,0,5,0,5,0,0,0,0,0,5,0,0,5,32.5
"S60fb3b7b","",5,5,5,5,5,2,5,5,5,0,5,5,5,5,5,5,5,5,5,5,92
"S434056bd","",5,5,0,3,0,0,0,0,0,0,5,5,0,0,2.5,5,5,5,5,0,45.5
"Sd6ba05b5","",5,5,5,3,5,2,5,5,5,2.5,2.5,5,5,2,5,5,5,5,0,0,77
"S3b6dc861","",0,5,0,1,5,2,0,5,5,5,5,5,2,0,0,5,5,5,0,0,55
"S60e6329a","",5,5,5,5,5,2,5,5,5,5,2.5,5,5,2,5,5,5,5,5,0,86.5
"S3f670674","",5,5,5,5,5,0,5,5,5,5,5,0,5,2,0,5,5,0,5,5,77
"S4eb4de1d","",5,5,5,5,5,0,5,0,5,5,5,5,5,2,5,5,5,5,5,5,87
"Sb5f6ef02","",5,5,5,4,0,2,5,0,5,2.5,5,5,5,2,3.75,5,5,5,0,0,69.25
"S6bf3cb61","",5,5,5,5,5,5,5,5,5,5,5,5,5,5,5,5,5,5,5,0,95
"S48cefb55","",0,0,0,0,0,0,0,0,0,0,0,0,0,0,0,0,0,0,0,0,0
"Sdd7fbc2a","",0,0,0,0,0,0,5,0,0,0,1.25,0,0,0,2.5,0,0,0,0,0,8.75
"S50373e13","",,,,,,,,,,,,,,,,,,,,,
"S451a7ba7","",2.5,5,5,3.5,5,2,5,5,5,5,5,5,5,5,5,5,5,5,0,5,88
"S99fa0806","",2.5,5,5,1,5,0,5,5,5,5,5,0,0,0,0,5,5,0,0,0,53.5
"S870af0ee","",5,5,5,5,0,0,0,5,5,5,5,5,5,2,0,5,5,0,0,5,67
"S4e3d7949","",2.5,5,0,0,0,0,0,0,5,0,0,1,2,2,2.5,5,5,5,0,0,35
"S35ca7a53","",5,5,5,5,5,2,5,5,5,2.5,5,5,5,2,0,5,5,5,0,0,76.5
"Se9555df9","",5,5,5,5,5,0,5,0,5,0,2.5,5,5,2,5,5,5,0,0,5,69.5
"S81a58767","",5,2.5,0,5,5,0,5,0,0,5,1.25,5,5,5,5,5,5,5,0,0,63.75
"S421090b4","",5,5,5,5,5,2,5,0,5,2.5,5,5,0,2,5,5,5,5,5,0,76.5
"S9564312a","",5,0,0,0,0,0,0,0,0,0,0,0,0,0,0,0,0,0,0,0,5
"S9fc7c345","",2.5,5,5,2,5,2,5,5,5,5,2.5,5,5,5,0,5,5,5,5,5,84
"S7367df18","",5,5,5,5,5,2,5,5,5,0,5,5,5,2,5,5,0,5,0,5,79
"Saf68ff9e","",0,2.5,0,2.5,0,2,2.5,0,5,5,5,5,0,0,5,5,0,0,0,0,39.5
"Sff71bc66","",5,5,5,3,0,0,5,0,5,0,5,0,2,5,2.5,5,5,0,0,0,52.5
"Sc5503bd0","",5,5,5,5,5,2,5,5,5,5,5,5,5,5,5,5,5,5,5,5,97
"S8f1e3119","",5,5,5,5,5,5,5,5,5,5,5,5,5,5,5,5,5,5,5,5,100
"S5910790d","",2.5,5,5,2.5,5,2,5,5,5,5,5,5,5,2,3.75,5,5,5,0,0,77.75
"Scb1cda5a","",5,5,0,4,5,0,5,0,5,5,2.5,5,5,5,1.25,5,5,0,0,0,62.75
"Sc10d5c5f","",5,5,5,5,5,5,5,0,5,5,5,5,5,5,5,5,5,5,5,5,95
"S561fa074","",0,5,0,0,0,0,0,0,0,0,0,0,0,0,0,0,0,0,0,0,5
"S2c161a71","",5,5,5,5,5,5,5,5,5,5,5,5,5,5,5,5,5,5,5,5,100
"S35955f59","",5,5,5,4,5,2,5,0,5,5,5,5,2,5,5,5,5,0,5,5,83
"Se3dfe60b","",5,5,5,5,5,2,5,5,5,5,2.5,5,5,5,5,5,5,5,5,5,94.5
"Sb182de87","",5,5,5,5,5,2,0,0,5,2.5,5,5,5,5,5,5,5,5,5,0,79.5
"S9d54e787","",5,5,5,3,0,0,5,0,5,2.5,2.5,5,0,0,2.5,5,5,0,0,0,50.5
"S7db36a5b","",2.5,5,0,5,5,2,0,5,5,5,5,0,5,5,5,5,5,0,0,0,64.5
"S2a53ec98","",0,0,0,1.5,0,0,2.5,0,0,0,2.5,0,0,1,1.25,0,5,0,0,0,13.75
"S1ed5701a","",5,5,5,5,5,3,5,5,5,5,5,5,5,5,5,5,5,5,0,0,88
"Sf1e443d0","",5,5,5,3,5,5,5,5,5,5,5,5,5,5,5,5,5,5,5,5,98
"Sa80a0872","",5,5,5,5,5,2,5,5,5,2.5,5,5,5,5,0,5,5,5,5,5,89.5
"Se962c22a","",0,0,0,4,0,0,0,0,0,0,2.5,0,0,0,0,5,5,0,0,0,16.5
"Sa6c169e2","",5,0,5,3,5,5,5,5,5,2.5,5,5,5,5,2.5,5,5,5,0,0,78
"Se4393701","",2.5,5,5,5,0,0,0,5,5,5,5,5,5,1,5,5,5,5,5,5,78.5
"Sf073fb3a","",5,5,5,5,0,0,5,5,5,5,5,0,2,2,5,5,5,5,0,0,69
"S2d2041ef","",5,5,5,5,5,2,5,5,5,5,5,5,0,0,5,5,5,0,0,5,77
"S92843d8d","",5,5,5,3,5,0,0,0,5,2.5,5,0,0,0,3.75,0,0,0,0,0,39.25
"S7689ae96","",5,5,0,5,0,0,0,0,5,5,5,5,0,5,5,5,5,5,0,0,60
"Seb638a67","",2.5,5,5,4.5,5,5,5,5,5,5,5,5,0,5,0,5,5,5,5,0,82
"S2555b4cc","",5,5,5,5,5,5,5,0,5,5,5,5,5,5,0,5,5,5,5,5,90
"S8cd9d34d","",5,5,5,3,5,2,5,5,5,5,5,5,2,2,3.75,5,5,5,0,0,77.75
"S1f1f8659","",5,5,0,5,0,0,5,0,5,5,2.5,1,5,5,5,5,5,0,0,5,63.5
"Sb56bcfba","",2.5,0,5,5,0,0,0,0,0,0,0,0,0,0,0,0,0,0,0,0,12.5
"Sf3b1bd4a","",5,5,5,3,0,0,0,0,5,5,5,0,2,0,3.75,5,5,0,0,0,48.75
